# Original procedural Pineapple GPU asset, MIT, see root LICENSE
v 0.0 -0.95 0.0
v 0.0 -0.95 0.0
v 0.0 -0.95 0.0
v 0.0 -0.95 0.0
v 0.0 -0.95 0.0
v 0.0 -0.95 0.0
v 0.0 -0.95 0.0
v -0.0 -0.95 0.0
v -0.0 -0.95 0.0
v -0.0 -0.95 0.0
v -0.0 -0.95 0.0
v -0.0 -0.95 0.0
v -0.0 -0.95 0.0
v -0.0 -0.95 -0.0
v -0.0 -0.95 -0.0
v -0.0 -0.95 -0.0
v -0.0 -0.95 -0.0
v -0.0 -0.95 -0.0
v -0.0 -0.95 -0.0
v 0.0 -0.95 -0.0
v 0.0 -0.95 -0.0
v 0.0 -0.95 -0.0
v 0.0 -0.95 -0.0
v 0.0 -0.95 -0.0
v 0.0 -0.95 -0.0
v 0.19763325451501393 -0.865 0.0
v 0.19089906466961257 -0.865 0.051151250214079354
v 0.17115541904259768 -0.865 0.09881662725750695
v 0.13974781445553322 -0.865 0.1397478144555332
v 0.09881662725750699 -0.865 0.17115541904259765
v 0.051151250214079354 -0.865 0.19089906466961257
v 1.21015466273443e-17 -0.865 0.19763325451501393
v -0.051151250214079326 -0.865 0.19089906466961257
v -0.09881662725750694 -0.865 0.17115541904259768
v -0.1397478144555332 -0.865 0.13974781445553322
v -0.17115541904259768 -0.865 0.09881662725750695
v -0.19089906466961254 -0.865 0.0511512502140794
v -0.19763325451501393 -0.865 2.42030932546886e-17
v -0.19089906466961257 -0.865 -0.05115125021407936
v -0.1711554190425977 -0.865 -0.09881662725750692
v -0.13974781445553328 -0.865 -0.13974781445553314
v -0.09881662725750705 -0.865 -0.17115541904259762
v -0.051151250214079326 -0.865 -0.19089906466961257
v -3.63046398820329e-17 -0.865 -0.19763325451501393
v 0.051151250214079264 -0.865 -0.1908990646696126
v 0.09881662725750699 -0.865 -0.17115541904259765
v 0.13974781445553316 -0.865 -0.13974781445553325
v 0.17115541904259762 -0.865 -0.09881662725750705
v 0.19089906466961254 -0.865 -0.05115125021407951
v 0.19763325451501393 -0.865 -4.84061865093772e-17
v 0.30763268230939295 -0.78 0.0
v 0.29715035285322283 -0.78 0.0796211970776442
v 0.266417717914282 -0.78 0.15381634115469645
v 0.21752915577557863 -0.78 0.21752915577557858
v 0.1538163411546965 -0.78 0.2664177179142819
v 0.0796211970776442 -0.78 0.29715035285322283
v 1.8837068985165632e-17 -0.78 0.30763268230939295
v -0.07962119707764417 -0.78 0.29715035285322283
v -0.15381634115469642 -0.78 0.266417717914282
v -0.21752915577557858 -0.78 0.21752915577557863
v -0.266417717914282 -0.78 0.15381634115469645
v -0.2971503528532228 -0.78 0.0796211970776443
v -0.30763268230939295 -0.78 3.7674137970331264e-17
v -0.29715035285322283 -0.78 -0.07962119707764423
v -0.26641771791428204 -0.78 -0.15381634115469642
v -0.21752915577557871 -0.78 -0.2175291557755785
v -0.1538163411546966 -0.78 -0.26641771791428187
v -0.07962119707764417 -0.78 -0.29715035285322283
v -5.651120695549689e-17 -0.78 -0.30763268230939295
v 0.07962119707764408 -0.78 -0.2971503528532229
v 0.1538163411546965 -0.78 -0.2664177179142819
v 0.21752915577557855 -0.78 -0.21752915577557866
v 0.26641771791428187 -0.78 -0.1538163411546966
v 0.2971503528532228 -0.78 -0.07962119707764446
v 0.30763268230939295 -0.78 -7.534827594066253e-17
v 0.39502477346689524 -0.695 0.0
v 0.3815646307156628 -0.695 0.1022399346605414
v 0.34210148894652437 -0.695 0.1975123867334476
v 0.2793246960551214 -0.695 0.2793246960551214
v 0.19751238673344768 -0.695 0.3421014889465243
v 0.1022399346605414 -0.695 0.3815646307156628
v 2.4188291220507077e-17 -0.695 0.39502477346689524
v -0.10223993466054135 -0.695 0.3815646307156628
v -0.19751238673344756 -0.695 0.34210148894652437
v -0.2793246960551214 -0.695 0.2793246960551214
v -0.34210148894652437 -0.695 0.1975123867334476
v -0.38156463071566277 -0.695 0.1022399346605415
v -0.39502477346689524 -0.695 4.8376582441014154e-17
v -0.3815646307156628 -0.695 -0.10223993466054142
v -0.3421014889465244 -0.695 -0.19751238673344754
v -0.27932469605512156 -0.695 -0.2793246960551212
v -0.1975123867334478 -0.695 -0.34210148894652426
v -0.10223993466054135 -0.695 -0.3815646307156628
v -7.256487366152123e-17 -0.695 -0.39502477346689524
v 0.10223993466054122 -0.695 -0.3815646307156629
v 0.19751238673344768 -0.695 -0.3421014889465243
v 0.27932469605512134 -0.695 -0.27932469605512145
v 0.34210148894652426 -0.695 -0.1975123867334478
v 0.3815646307156627 -0.695 -0.10223993466054172
v 0.39502477346689524 -0.695 -9.675316488202831e-17
v 0.46723576728976074 -0.61 0.0
v 0.451315094591169 -0.61 0.12092951512767947
v 0.4046380440296471 -0.61 0.23361788364488034
v 0.3303855794634895 -0.61 0.33038557946348945
v 0.23361788364488043 -0.61 0.40463804402964704
v 0.12092951512767947 -0.61 0.451315094591169
v 2.8609939342928154e-17 -0.61 0.46723576728976074
v -0.12092951512767942 -0.61 0.451315094591169
v -0.2336178836448803 -0.61 0.4046380440296471
v -0.33038557946348945 -0.61 0.3303855794634895
v -0.4046380440296471 -0.61 0.23361788364488034
v -0.4513150945911689 -0.61 0.1209295151276796
v -0.46723576728976074 -0.61 5.721987868585631e-17
v -0.451315094591169 -0.61 -0.1209295151276795
v -0.40463804402964715 -0.61 -0.23361788364488026
v -0.3303855794634897 -0.61 -0.3303855794634893
v -0.23361788364488056 -0.61 -0.4046380440296469
v -0.12092951512767942 -0.61 -0.451315094591169
v -8.582981802878446e-17 -0.61 -0.46723576728976074
v 0.12092951512767926 -0.61 -0.45131509459116903
v 0.23361788364488043 -0.61 -0.40463804402964704
v 0.3303855794634894 -0.61 -0.33038557946348956
v 0.4046380440296469 -0.61 -0.23361788364488056
v 0.45131509459116886 -0.61 -0.12092951512767985
v 0.46723576728976074 -0.61 -1.1443975737171262e-16
v 0.5268769349953889 -0.5249999999999999 0.0
v 0.5089240387880728 -0.5249999999999999 0.13636578520204945
v 0.45628881037408914 -0.5249999999999999 0.2634384674976944
v 0.3725582535860233 -0.5249999999999999 0.37255825358602324
v 0.2634384674976945 -0.5249999999999999 0.4562888103740891
v 0.13636578520204945 -0.5249999999999999 0.5089240387880728
v 3.226190759933356e-17 -0.5249999999999999 0.5268769349953889
v -0.1363657852020494 -0.5249999999999999 0.5089240387880728
v -0.26343846749769434 -0.5249999999999999 0.45628881037408914
v -0.37255825358602324 -0.5249999999999999 0.3725582535860233
v -0.45628881037408914 -0.5249999999999999 0.2634384674976944
v -0.5089240387880727 -0.5249999999999999 0.1363657852020496
v -0.5268769349953889 -0.5249999999999999 6.452381519866711e-17
v -0.5089240387880728 -0.5249999999999999 -0.13636578520204948
v -0.4562888103740892 -0.5249999999999999 -0.26343846749769434
v -0.37255825358602346 -0.5249999999999999 -0.37255825358602307
v -0.2634384674976947 -0.5249999999999999 -0.45628881037408897
v -0.1363657852020494 -0.5249999999999999 -0.5089240387880728
v -9.678572279800066e-17 -0.5249999999999999 -0.5268769349953889
v 0.1363657852020492 -0.5249999999999999 -0.5089240387880728
v 0.2634384674976945 -0.5249999999999999 -0.4562888103740891
v 0.3725582535860232 -0.5249999999999999 -0.37255825358602335
v 0.45628881037408897 -0.5249999999999999 -0.2634384674976947
v 0.5089240387880727 -0.5249999999999999 -0.1363657852020499
v 0.5268769349953889 -0.5249999999999999 -1.2904763039733423e-16
v 0.5750642961545525 -0.43999999999999995 0.0
v 0.5554694554324275 -0.43999999999999995 0.14883759200327445
v 0.49802028927926034 -0.43999999999999995 0.2875321480772762
v 0.40663186342915314 -0.43999999999999995 0.40663186342915303
v 0.2875321480772763 -0.43999999999999995 0.4980202892792603
v 0.14883759200327445 -0.43999999999999995 0.5554694554324275
v 3.521253247947991e-17 -0.43999999999999995 0.5750642961545525
v -0.1488375920032744 -0.43999999999999995 0.5554694554324275
v -0.2875321480772761 -0.43999999999999995 0.49802028927926034
v -0.40663186342915303 -0.43999999999999995 0.40663186342915314
v -0.49802028927926034 -0.43999999999999995 0.2875321480772762
v -0.5554694554324275 -0.43999999999999995 0.14883759200327462
v -0.5750642961545525 -0.43999999999999995 7.042506495895983e-17
v -0.5554694554324275 -0.43999999999999995 -0.14883759200327448
v -0.4980202892792604 -0.43999999999999995 -0.2875321480772761
v -0.4066318634291533 -0.43999999999999995 -0.40663186342915286
v -0.2875321480772765 -0.43999999999999995 -0.4980202892792601
v -0.1488375920032744 -0.43999999999999995 -0.5554694554324275
v -1.0563759743843973e-16 -0.43999999999999995 -0.5750642961545525
v 0.1488375920032742 -0.43999999999999995 -0.5554694554324277
v 0.2875321480772763 -0.43999999999999995 -0.4980202892792603
v 0.406631863429153 -0.43999999999999995 -0.4066318634291532
v 0.4980202892792601 -0.43999999999999995 -0.2875321480772765
v 0.5554694554324274 -0.43999999999999995 -0.14883759200327493
v 0.5750642961545525 -0.43999999999999995 -1.4085012991791965e-16
v 0.6123031732809455 -0.355 0.0
v 0.5914394485908159 -0.355 0.1584757226218176
v 0.530270102879124 -0.355 0.3061515866404727
v 0.4329637259689983 -0.355 0.4329637259689982
v 0.3061515866404728 -0.355 0.5302701028791239
v 0.1584757226218176 -0.355 0.5914394485908159
v 3.749275606331386e-17 -0.355 0.6123031732809455
v -0.15847572262181756 -0.355 0.5914394485908159
v -0.30615158664047265 -0.355 0.530270102879124
v -0.4329637259689982 -0.355 0.4329637259689983
v -0.530270102879124 -0.355 0.3061515866404727
v -0.5914394485908158 -0.355 0.15847572262181778
v -0.6123031732809455 -0.355 7.498551212662771e-17
v -0.5914394485908159 -0.355 -0.15847572262181764
v -0.530270102879124 -0.355 -0.30615158664047265
v -0.43296372596899846 -0.355 -0.432963725968998
v -0.30615158664047304 -0.355 -0.5302701028791238
v -0.15847572262181756 -0.355 -0.5914394485908159
v -1.1247826818994157e-16 -0.355 -0.6123031732809455
v 0.15847572262181733 -0.355 -0.591439448590816
v 0.3061515866404728 -0.355 -0.5302701028791239
v 0.4329637259689981 -0.355 -0.43296372596899835
v 0.5302701028791238 -0.355 -0.30615158664047304
v 0.5914394485908158 -0.355 -0.1584757226218181
v 0.6123031732809455 -0.355 -1.4997102425325543e-16
v 0.6388193273336579 -0.27 0.0
v 0.6170520866041903 -0.27 0.16533860829353195
v 0.5532337658994346 -0.27 0.3194096636668289
v 0.45171347831065833 -0.27 0.4517134783106583
v 0.319409663666829 -0.27 0.5532337658994345
v 0.16533860829353195 -0.27 0.6170520866041903
v 3.911640222263147e-17 -0.27 0.6388193273336579
v -0.1653386082935319 -0.27 0.6170520866041903
v -0.3194096636668288 -0.27 0.5532337658994346
v -0.4517134783106583 -0.27 0.45171347831065833
v -0.5532337658994346 -0.27 0.3194096636668289
v -0.6170520866041902 -0.27 0.16533860829353214
v -0.6388193273336579 -0.27 7.823280444526295e-17
v -0.6170520866041903 -0.27 -0.165338608293532
v -0.5532337658994346 -0.27 -0.31940966366682877
v -0.45171347831065856 -0.27 -0.45171347831065806
v -0.3194096636668292 -0.27 -0.5532337658994344
v -0.1653386082935319 -0.27 -0.6170520866041903
v -1.173492066678944e-16 -0.27 -0.6388193273336579
v 0.16533860829353167 -0.27 -0.6170520866041903
v 0.319409663666829 -0.27 -0.5532337658994345
v 0.45171347831065817 -0.27 -0.4517134783106584
v 0.5532337658994344 -0.27 -0.3194096636668292
v 0.6170520866041901 -0.27 -0.1653386082935325
v 0.6388193273336579 -0.27 -1.564656088905259e-16
v 0.6547068549694174 -0.18500000000000005 0.0
v 0.6323982598634517 -0.18500000000000005 0.16945060302525913
v 0.5669927684353296 -0.18500000000000005 0.32735342748470864
v 0.46294765683819256 -0.18500000000000005 0.4629476568381925
v 0.32735342748470875 -0.18500000000000005 0.5669927684353295
v 0.16945060302525913 -0.18500000000000005 0.6323982598634517
v 4.008923271590637e-17 -0.18500000000000005 0.6547068549694174
v -0.16945060302525908 -0.18500000000000005 0.6323982598634517
v -0.3273534274847086 -0.18500000000000005 0.5669927684353296
v -0.4629476568381925 -0.18500000000000005 0.46294765683819256
v -0.5669927684353296 -0.18500000000000005 0.32735342748470864
v -0.6323982598634517 -0.18500000000000005 0.16945060302525933
v -0.6547068549694174 -0.18500000000000005 8.017846543181274e-17
v -0.6323982598634517 -0.18500000000000005 -0.1694506030252592
v -0.5669927684353298 -0.18500000000000005 -0.3273534274847085
v -0.4629476568381928 -0.18500000000000005 -0.4629476568381923
v -0.32735342748470897 -0.18500000000000005 -0.5669927684353294
v -0.16945060302525908 -0.18500000000000005 -0.6323982598634517
v -1.202676981477191e-16 -0.18500000000000005 -0.6547068549694174
v 0.16945060302525886 -0.18500000000000005 -0.6323982598634518
v 0.32735342748470875 -0.18500000000000005 -0.5669927684353295
v 0.4629476568381924 -0.18500000000000005 -0.4629476568381926
v 0.5669927684353294 -0.18500000000000005 -0.32735342748470897
v 0.6323982598634516 -0.18500000000000005 -0.1694506030252597
v 0.6547068549694174 -0.18500000000000005 -1.6035693086362549e-16
v 0.66 -0.09999999999999998 0.0
v 0.6375110453507851 -0.09999999999999998 0.1708205697676637
v 0.5715767664977296 -0.09999999999999998 0.32999999999999996
v 0.46669047558312143 -0.09999999999999998 0.4666904755831213
v 0.33000000000000007 -0.09999999999999998 0.5715767664977295
v 0.1708205697676637 -0.09999999999999998 0.6375110453507851
v 4.041334437186266e-17 -0.09999999999999998 0.66
v -0.17082056976766363 -0.09999999999999998 0.6375110453507851
v -0.3299999999999999 -0.09999999999999998 0.5715767664977296
v -0.4666904755831213 -0.09999999999999998 0.46669047558312143
v -0.5715767664977296 -0.09999999999999998 0.32999999999999996
v -0.6375110453507851 -0.09999999999999998 0.17082056976766388
v -0.66 -0.09999999999999998 8.082668874372532e-17
v -0.6375110453507851 -0.09999999999999998 -0.17082056976766374
v -0.5715767664977296 -0.09999999999999998 -0.32999999999999985
v -0.46669047558312166 -0.09999999999999998 -0.4666904755831211
v -0.3300000000000003 -0.09999999999999998 -0.5715767664977294
v -0.17082056976766363 -0.09999999999999998 -0.6375110453507851
v -1.2124003311558797e-16 -0.09999999999999998 -0.66
v 0.1708205697676634 -0.09999999999999998 -0.6375110453507852
v 0.33000000000000007 -0.09999999999999998 -0.5715767664977295
v 0.46669047558312127 -0.09999999999999998 -0.4666904755831215
v 0.5715767664977294 -0.09999999999999998 -0.3300000000000003
v 0.637511045350785 -0.09999999999999998 -0.17082056976766424
v 0.66 -0.09999999999999998 -1.6165337748745064e-16
v 0.6547068549694174 -0.015000000000000013 0.0
v 0.6323982598634517 -0.015000000000000013 0.16945060302525913
v 0.5669927684353296 -0.015000000000000013 0.32735342748470864
v 0.46294765683819256 -0.015000000000000013 0.4629476568381925
v 0.32735342748470875 -0.015000000000000013 0.5669927684353295
v 0.16945060302525913 -0.015000000000000013 0.6323982598634517
v 4.008923271590637e-17 -0.015000000000000013 0.6547068549694174
v -0.16945060302525908 -0.015000000000000013 0.6323982598634517
v -0.3273534274847086 -0.015000000000000013 0.5669927684353296
v -0.4629476568381925 -0.015000000000000013 0.46294765683819256
v -0.5669927684353296 -0.015000000000000013 0.32735342748470864
v -0.6323982598634517 -0.015000000000000013 0.16945060302525933
v -0.6547068549694174 -0.015000000000000013 8.017846543181274e-17
v -0.6323982598634517 -0.015000000000000013 -0.1694506030252592
v -0.5669927684353298 -0.015000000000000013 -0.3273534274847085
v -0.4629476568381928 -0.015000000000000013 -0.4629476568381923
v -0.32735342748470897 -0.015000000000000013 -0.5669927684353294
v -0.16945060302525908 -0.015000000000000013 -0.6323982598634517
v -1.202676981477191e-16 -0.015000000000000013 -0.6547068549694174
v 0.16945060302525886 -0.015000000000000013 -0.6323982598634518
v 0.32735342748470875 -0.015000000000000013 -0.5669927684353295
v 0.4629476568381924 -0.015000000000000013 -0.4629476568381926
v 0.5669927684353294 -0.015000000000000013 -0.32735342748470897
v 0.6323982598634516 -0.015000000000000013 -0.1694506030252597
v 0.6547068549694174 -0.015000000000000013 -1.6035693086362549e-16
v 0.638819327333658 0.07000000000000006 0.0
v 0.6170520866041904 0.07000000000000006 0.16533860829353197
v 0.5532337658994346 0.07000000000000006 0.31940966366682894
v 0.4517134783106584 0.07000000000000006 0.45171347831065833
v 0.31940966366682905 0.07000000000000006 0.5532337658994346
v 0.16533860829353197 0.07000000000000006 0.6170520866041904
v 3.911640222263148e-17 0.07000000000000006 0.638819327333658
v -0.16533860829353192 0.07000000000000006 0.6170520866041904
v -0.3194096636668289 0.07000000000000006 0.5532337658994346
v -0.45171347831065833 0.07000000000000006 0.4517134783106584
v -0.5532337658994346 0.07000000000000006 0.31940966366682894
v -0.6170520866041903 0.07000000000000006 0.16533860829353217
v -0.638819327333658 0.07000000000000006 7.823280444526296e-17
v -0.6170520866041904 0.07000000000000006 -0.16533860829353203
v -0.5532337658994347 0.07000000000000006 -0.3194096636668288
v -0.4517134783106586 0.07000000000000006 -0.4517134783106581
v -0.31940966366682927 0.07000000000000006 -0.5532337658994345
v -0.16533860829353192 0.07000000000000006 -0.6170520866041904
v -1.1734920666789442e-16 0.07000000000000006 -0.638819327333658
v 0.1653386082935317 0.07000000000000006 -0.6170520866041904
v 0.31940966366682905 0.07000000000000006 -0.5532337658994346
v 0.4517134783106583 0.07000000000000006 -0.4517134783106585
v 0.5532337658994345 0.07000000000000006 -0.31940966366682927
v 0.6170520866041902 0.07000000000000006 -0.16533860829353253
v 0.638819327333658 0.07000000000000006 -1.5646560889052591e-16
v 0.6123031732809455 0.15500000000000003 0.0
v 0.5914394485908159 0.15500000000000003 0.1584757226218176
v 0.530270102879124 0.15500000000000003 0.3061515866404727
v 0.4329637259689983 0.15500000000000003 0.4329637259689982
v 0.3061515866404728 0.15500000000000003 0.5302701028791239
v 0.1584757226218176 0.15500000000000003 0.5914394485908159
v 3.749275606331386e-17 0.15500000000000003 0.6123031732809455
v -0.15847572262181756 0.15500000000000003 0.5914394485908159
v -0.30615158664047265 0.15500000000000003 0.530270102879124
v -0.4329637259689982 0.15500000000000003 0.4329637259689983
v -0.530270102879124 0.15500000000000003 0.3061515866404727
v -0.5914394485908158 0.15500000000000003 0.15847572262181778
v -0.6123031732809455 0.15500000000000003 7.498551212662771e-17
v -0.5914394485908159 0.15500000000000003 -0.15847572262181764
v -0.530270102879124 0.15500000000000003 -0.30615158664047265
v -0.43296372596899846 0.15500000000000003 -0.432963725968998
v -0.30615158664047304 0.15500000000000003 -0.5302701028791238
v -0.15847572262181756 0.15500000000000003 -0.5914394485908159
v -1.1247826818994157e-16 0.15500000000000003 -0.6123031732809455
v 0.15847572262181733 0.15500000000000003 -0.591439448590816
v 0.3061515866404728 0.15500000000000003 -0.5302701028791239
v 0.4329637259689981 0.15500000000000003 -0.43296372596899835
v 0.5302701028791238 0.15500000000000003 -0.30615158664047304
v 0.5914394485908158 0.15500000000000003 -0.1584757226218181
v 0.6123031732809455 0.15500000000000003 -1.4997102425325543e-16
v 0.5750642961545525 0.24 0.0
v 0.5554694554324275 0.24 0.14883759200327445
v 0.49802028927926034 0.24 0.2875321480772762
v 0.40663186342915314 0.24 0.40663186342915303
v 0.2875321480772763 0.24 0.4980202892792603
v 0.14883759200327445 0.24 0.5554694554324275
v 3.521253247947991e-17 0.24 0.5750642961545525
v -0.1488375920032744 0.24 0.5554694554324275
v -0.2875321480772761 0.24 0.49802028927926034
v -0.40663186342915303 0.24 0.40663186342915314
v -0.49802028927926034 0.24 0.2875321480772762
v -0.5554694554324275 0.24 0.14883759200327462
v -0.5750642961545525 0.24 7.042506495895983e-17
v -0.5554694554324275 0.24 -0.14883759200327448
v -0.4980202892792604 0.24 -0.2875321480772761
v -0.4066318634291533 0.24 -0.40663186342915286
v -0.2875321480772765 0.24 -0.4980202892792601
v -0.1488375920032744 0.24 -0.5554694554324275
v -1.0563759743843973e-16 0.24 -0.5750642961545525
v 0.1488375920032742 0.24 -0.5554694554324277
v 0.2875321480772763 0.24 -0.4980202892792603
v 0.406631863429153 0.24 -0.4066318634291532
v 0.4980202892792601 0.24 -0.2875321480772765
v 0.5554694554324274 0.24 -0.14883759200327493
v 0.5750642961545525 0.24 -1.4085012991791965e-16
v 0.526876934995389 0.32499999999999996 0.0
v 0.5089240387880729 0.32499999999999996 0.13636578520204948
v 0.45628881037408925 0.32499999999999996 0.26343846749769445
v 0.3725582535860234 0.32499999999999996 0.37255825358602335
v 0.26343846749769456 0.32499999999999996 0.4562888103740892
v 0.13636578520204948 0.32499999999999996 0.5089240387880729
v 3.2261907599333563e-17 0.32499999999999996 0.526876934995389
v -0.13636578520204942 0.32499999999999996 0.5089240387880729
v -0.2634384674976944 0.32499999999999996 0.45628881037408925
v -0.37255825358602335 0.32499999999999996 0.3725582535860234
v -0.45628881037408925 0.32499999999999996 0.26343846749769445
v -0.5089240387880728 0.32499999999999996 0.13636578520204962
v -0.526876934995389 0.32499999999999996 6.452381519866713e-17
v -0.5089240387880729 0.32499999999999996 -0.1363657852020495
v -0.4562888103740893 0.32499999999999996 -0.2634384674976944
v -0.37255825358602357 0.32499999999999996 -0.3725582535860232
v -0.26343846749769473 0.32499999999999996 -0.4562888103740891
v -0.13636578520204942 0.32499999999999996 -0.5089240387880729
v -9.678572279800068e-17 0.32499999999999996 -0.526876934995389
v 0.13636578520204926 0.32499999999999996 -0.5089240387880729
v 0.26343846749769456 0.32499999999999996 -0.4562888103740892
v 0.3725582535860233 0.32499999999999996 -0.37255825358602346
v 0.4562888103740891 0.32499999999999996 -0.26343846749769473
v 0.5089240387880728 0.32499999999999996 -0.13636578520204992
v 0.526876934995389 0.32499999999999996 -1.2904763039733425e-16
v 0.4672357672897608 0.4099999999999999 0.0
v 0.45131509459116903 0.4099999999999999 0.12092951512767948
v 0.40463804402964715 0.4099999999999999 0.23361788364488037
v 0.33038557946348956 0.4099999999999999 0.3303855794634895
v 0.23361788364488045 0.4099999999999999 0.4046380440296471
v 0.12092951512767948 0.4099999999999999 0.45131509459116903
v 2.860993934292816e-17 0.4099999999999999 0.4672357672897608
v -0.12092951512767944 0.4099999999999999 0.45131509459116903
v -0.23361788364488031 0.4099999999999999 0.40463804402964715
v -0.3303855794634895 0.4099999999999999 0.33038557946348956
v -0.40463804402964715 0.4099999999999999 0.23361788364488037
v -0.451315094591169 0.4099999999999999 0.12092951512767962
v -0.4672357672897608 0.4099999999999999 5.721987868585632e-17
v -0.45131509459116903 0.4099999999999999 -0.12092951512767951
v -0.4046380440296472 0.4099999999999999 -0.2336178836448803
v -0.33038557946348973 0.4099999999999999 -0.33038557946348934
v -0.2336178836448806 0.4099999999999999 -0.404638044029647
v -0.12092951512767944 0.4099999999999999 -0.45131509459116903
v -8.582981802878446e-17 0.4099999999999999 -0.4672357672897608
v 0.12092951512767927 0.4099999999999999 -0.4513150945911691
v 0.23361788364488045 0.4099999999999999 -0.4046380440296471
v 0.33038557946348945 0.4099999999999999 -0.3303855794634896
v 0.404638044029647 0.4099999999999999 -0.2336178836448806
v 0.4513150945911689 0.4099999999999999 -0.12092951512767987
v 0.4672357672897608 0.4099999999999999 -1.1443975737171264e-16
v 0.3950247734668953 0.4949999999999999 0.0
v 0.3815646307156629 0.4949999999999999 0.10223993466054142
v 0.3421014889465244 0.4949999999999999 0.19751238673344762
v 0.27932469605512145 0.4949999999999999 0.2793246960551214
v 0.1975123867334477 0.4949999999999999 0.34210148894652437
v 0.10223993466054142 0.4949999999999999 0.3815646307156629
v 2.418829122050708e-17 0.4949999999999999 0.3950247734668953
v -0.10223993466054136 0.4949999999999999 0.3815646307156629
v -0.1975123867334476 0.4949999999999999 0.3421014889465244
v -0.2793246960551214 0.4949999999999999 0.27932469605512145
v -0.3421014889465244 0.4949999999999999 0.19751238673344762
v -0.3815646307156628 0.4949999999999999 0.10223993466054151
v -0.3950247734668953 0.4949999999999999 4.837658244101416e-17
v -0.3815646307156629 0.4949999999999999 -0.10223993466054143
v -0.3421014889465245 0.4949999999999999 -0.19751238673344756
v -0.2793246960551216 0.4949999999999999 -0.2793246960551213
v -0.19751238673344781 0.4949999999999999 -0.3421014889465243
v -0.10223993466054136 0.4949999999999999 -0.3815646307156629
v -7.256487366152124e-17 0.4949999999999999 -0.3950247734668953
v 0.10223993466054124 0.4949999999999999 -0.38156463071566293
v 0.1975123867334477 0.4949999999999999 -0.34210148894652437
v 0.2793246960551214 0.4949999999999999 -0.2793246960551215
v 0.3421014889465243 0.4949999999999999 -0.19751238673344781
v 0.38156463071566277 0.4949999999999999 -0.10223993466054174
v 0.3950247734668953 0.4949999999999999 -9.675316488202832e-17
v 0.30763268230939306 0.5799999999999998 0.0
v 0.29715035285322294 0.5799999999999998 0.07962119707764423
v 0.2664177179142821 0.5799999999999998 0.1538163411546965
v 0.21752915577557871 0.5799999999999998 0.21752915577557866
v 0.15381634115469656 0.5799999999999998 0.26641771791428204
v 0.07962119707764423 0.5799999999999998 0.29715035285322294
v 1.883706898516564e-17 0.5799999999999998 0.30763268230939306
v -0.0796211970776442 0.5799999999999998 0.29715035285322294
v -0.15381634115469647 0.5799999999999998 0.2664177179142821
v -0.21752915577557866 0.5799999999999998 0.21752915577557871
v -0.2664177179142821 0.5799999999999998 0.1538163411546965
v -0.2971503528532229 0.5799999999999998 0.07962119707764433
v -0.30763268230939306 0.5799999999999998 3.767413797033128e-17
v -0.29715035285322294 0.5799999999999998 -0.07962119707764426
v -0.2664177179142821 0.5799999999999998 -0.15381634115469647
v -0.2175291557755788 0.5799999999999998 -0.21752915577557858
v -0.15381634115469667 0.5799999999999998 -0.266417717914282
v -0.0796211970776442 0.5799999999999998 -0.29715035285322294
v -5.651120695549692e-17 0.5799999999999998 -0.30763268230939306
v 0.0796211970776441 0.5799999999999998 -0.29715035285322294
v 0.15381634115469656 0.5799999999999998 -0.26641771791428204
v 0.21752915577557863 0.5799999999999998 -0.21752915577557874
v 0.266417717914282 0.5799999999999998 -0.15381634115469667
v 0.2971503528532229 0.5799999999999998 -0.07962119707764449
v 0.30763268230939306 0.5799999999999998 -7.534827594066256e-17
v 0.197633254515014 0.6649999999999998 0.0
v 0.19089906466961265 0.6649999999999998 0.051151250214079375
v 0.17115541904259776 0.6649999999999998 0.09881662725750699
v 0.13974781445553328 0.6649999999999998 0.13974781445553325
v 0.09881662725750703 0.6649999999999998 0.17115541904259773
v 0.051151250214079375 0.6649999999999998 0.19089906466961265
v 1.2101546627344306e-17 0.6649999999999998 0.197633254515014
v -0.05115125021407935 0.6649999999999998 0.19089906466961265
v -0.09881662725750698 0.6649999999999998 0.17115541904259776
v -0.13974781445553325 0.6649999999999998 0.13974781445553328
v -0.17115541904259776 0.6649999999999998 0.09881662725750699
v -0.19089906466961262 0.6649999999999998 0.05115125021407943
v -0.197633254515014 0.6649999999999998 2.420309325468861e-17
v -0.19089906466961265 0.6649999999999998 -0.05115125021407938
v -0.1711554190425978 0.6649999999999998 -0.09881662725750696
v -0.13974781445553333 0.6649999999999998 -0.1397478144555332
v -0.09881662725750709 0.6649999999999998 -0.17115541904259768
v -0.05115125021407935 0.6649999999999998 -0.19089906466961265
v -3.630463988203291e-17 0.6649999999999998 -0.197633254515014
v 0.051151250214079284 0.6649999999999998 -0.19089906466961268
v 0.09881662725750703 0.6649999999999998 -0.17115541904259773
v 0.13974781445553325 0.6649999999999998 -0.1397478144555333
v 0.17115541904259768 0.6649999999999998 -0.09881662725750709
v 0.1908990646696126 0.6649999999999998 -0.051151250214079534
v 0.197633254515014 0.6649999999999998 -4.840618650937722e-17
v 2.9974433861300644e-11 0.75 0.0
v 2.8953079795023854e-11 0.75 7.757954349470496e-12
v 2.5958621187942843e-11 0.75 1.498721693065032e-11
v 2.1195125445553355e-11 0.75 2.1195125445553352e-11
v 1.4987216930650325e-11 0.75 2.595862118794284e-11
v 7.757954349470496e-12 0.75 2.8953079795023854e-11
v 1.8354047242247936e-27 0.75 2.9974433861300644e-11
v -7.757954349470492e-12 0.75 2.8953079795023854e-11
v -1.4987216930650316e-11 0.75 2.5958621187942843e-11
v -2.1195125445553352e-11 0.75 2.1195125445553355e-11
v -2.5958621187942843e-11 0.75 1.498721693065032e-11
v -2.895307979502385e-11 0.75 7.757954349470505e-12
v -2.9974433861300644e-11 0.75 3.670809448449587e-27
v -2.8953079795023854e-11 0.75 -7.757954349470497e-12
v -2.5958621187942846e-11 0.75 -1.4987216930650316e-11
v -2.1195125445553365e-11 0.75 -2.1195125445553343e-11
v -1.4987216930650335e-11 0.75 -2.5958621187942833e-11
v -7.757954349470492e-12 0.75 -2.8953079795023854e-11
v -5.5062141726743804e-27 0.75 -2.9974433861300644e-11
v 7.757954349470483e-12 0.75 -2.8953079795023857e-11
v 1.4987216930650325e-11 0.75 -2.595862118794284e-11
v 2.119512544555335e-11 0.75 -2.119512544555336e-11
v 2.5958621187942833e-11 0.75 -1.4987216930650335e-11
v 2.8953079795023848e-11 0.75 -7.757954349470521e-12
v 2.9974433861300644e-11 0.75 -7.341618896899174e-27
v 0.0 0.6 -0.11
v 0.0 0.6 0.11
v 0.025 0.7625 -0.08375
v 0.025 0.7625 0.08375
v 0.1 0.925 -0.057499999999999996
v 0.1 0.925 0.057499999999999996
v 0.22500000000000003 1.0875 -0.03125
v 0.22500000000000003 1.0875 0.03125
v 0.4 1.25 -0.005
v 0.4 1.25 0.005
v 0.07430419433353334 0.6 0.08111033660665273
v -0.07430419433353334 0.6 -0.08111033660665273
v 0.0300733959421076 0.82375 0.08602997886062291
v -0.08307162724759092 0.82375 -0.037478942790416477
v -0.06715563375480148 1.0474999999999999 0.13950065718479954
v -0.1448372914671318 1.0474999999999999 0.05470348709602623
v -0.21738289475719386 1.27125 0.24152237157918263
v -0.259601186992156 1.27125 0.19543695305267542
v -0.4206083870650696 1.495 0.3920951220437721
v -0.4273633138226635 1.495 0.384721455079531
v -0.10957887661234599 0.6 -0.009616121898991097
v 0.10957887661234599 0.6 0.009616121898991097
v -0.0793315927478979 0.78875 -0.05401690954767475
v 0.08752715118453804 0.78875 -0.039374178474211034
v -0.04088875044680966 0.9775 -0.19180878521824418
v 0.07367098419337022 0.9775 -0.18175556686929895
v 0.005749650290918697 1.16625 -0.4229917489106994
v 0.06801037563884255 1.16625 -0.41752804328627263
v 0.06058360946528721 1.355 -0.7475658006250404
v 0.07054532552095502 1.355 -0.7466916077251321
v 0.08729543415748936 0.6 -0.0669291205325114
v -0.08729543415748936 0.6 0.0669291205325114
v 0.08167473294547745 0.85 -0.03111752718782361
v -0.05125240543069953 0.85 0.07079726998668241
v 0.10647635924824345 1.1 0.04437380895572301
v 0.015212950810868216 1.1 0.1143451622397122
v 0.1617003130657874 1.35 0.15954488789812843
v 0.11210063456721389 1.35 0.19757279729160082
v 0.2473465943981092 1.6 0.3143957096393926
v 0.23941064583833743 1.6 0.3204801751423482
v -0.0191586151828877 0.6 0.10831873090224989
v 0.0191586151828877 0.6 -0.10831873090224989
v -0.04997489466696773 0.815 0.07621073618116729
v -0.020801548820297826 0.815 -0.08872914951089504
v -0.1515676176383133 1.03 0.03158432813035693
v -0.13153815631074892 1.03 -0.08165798144926795
v -0.32393678409692445 1.245 -0.02556049325018118
v -0.3130512072884655 1.245 -0.08710522671736862
v -0.5670823940428011 1.46 -0.09522372796044705
v -0.5653407017534477 1.46 -0.10507088531519705
v -0.059041584586555736 0.6 -0.09281212899997815
v 0.059041584586555736 0.6 0.09281212899997815
v -0.005401492384091523 0.78 -0.0958235461931179
v 0.08450273869089109 0.78 0.04550401387503063
v 0.12733984612517227 0.96 -0.14915449570434494
v 0.18906513910202596 0.96 -0.05212363356800417
v 0.33918243094123557 1.1400000000000001 -0.25280497753365927
v 0.3727287858199604 1.1400000000000001 -0.2000708133291262
v 0.6301262620640985 1.3199999999999998 -0.40677499168106085
v 0.6354936788446944 1.3199999999999998 -0.3983375254083356
v 0.10622921153935488 0.6 0.02855441499535562
v -0.10622921153935488 0.6 -0.02855441499535562
v 0.07438941901397347 0.84125 0.04588329585768096
v -0.08736869855731694 0.84125 0.0024027093874803528
v 0.029570346945248578 1.0825 0.11149818196516761
v -0.08148746511862243 1.0825 0.08164583901547764
v -0.028228004666819774 1.32375 0.2253990733178156
v -0.08858551122327141 1.32375 0.20917497388863626
v -0.09900563582223158 1.565 0.3875859699156249
v -0.10866283687126384 1.565 0.38499011400695615
v -0.09761818096646961 0.6 0.050701979693080934
v 0.09761818096646961 0.6 -0.050701979693080934
v -0.09088750046510842 0.8062499999999999 0.006710340189209338
v 0.057758366006561215 0.8062499999999999 -0.07049494707070936
v -0.11728595442229442 1.0125 -0.10106590619616228
v -0.015230583411894379 1.0125 -0.15407252132983779
v -0.17681354283802764 1.21875 -0.27262675946303394
v -0.12134866728889716 1.21875 -0.30143470247046633
v -0.26947026571230803 1.4249999999999998 -0.5079722196114056
v -0.26059588562444713 1.4249999999999998 -0.5125814904925947
v 0.03773157968099948 0.6 -0.10332631753225499
v -0.03773157968099948 0.6 0.10332631753225499
v 0.07275855393280145 0.77125 -0.0625901026889046
v 0.01530364850946133 0.77125 0.09474769900793824
v 0.19584773062686622 0.9425 0.010303708473479466
v 0.15640107914218493 0.9425 0.11832667680265513
v 0.4069991097631937 1.11375 0.11535511595489717
v 0.3855607122171713 1.11375 0.17406325091640568
v 0.7062126913417841 1.2850000000000001 0.25256411975534854
v 0.7027825477344205 1.2850000000000001 0.26195742134918987
v 0.04197416044598584 0.6 0.10167679113177519
v -0.04197416044598584 0.6 -0.10167679113177519
v 0.008849237809608494 0.8325 0.08695259334941653
v -0.05506596105132449 0.8325 -0.06787342951033205
v -0.07049240806848485 1.065 0.09130755940614234
v -0.11437448489837913 1.065 -0.014990904049804438
v -0.19605077718829422 1.2974999999999999 0.11474168930195264
v -0.2198997319871498 1.2974999999999999 0.05697078524980764
v -0.3678258695498195 1.5299999999999998 0.1572549830368474
v -0.37164170231763644 1.5299999999999998 0.1480116383885042
v -0.09963227572746422 0.6 -0.0466198416274288
v 0.09963227572746422 0.6 0.0466198416274288
v -0.060625477578994606 0.7975 -0.06804496950229916
v 0.09108730591509864 0.7975 0.002944334794012883
v 0.008843148905579065 0.995 -0.1545707320854558
v 0.11300416443883711 0.995 -0.10583180674768933
v 0.10877360372625677 1.1925 -0.30619712937689875
v 0.16538285129867963 1.1925 -0.2797085829976778
v 0.23916588688303853 1.3900000000000001 -0.5229241613766279
v 0.24822336649462617 1.3900000000000001 -0.5186859939559526
v 0.10495688357476797 0.6 -0.0329249539145099
v -0.10495688357476797 0.6 0.0329249539145099
v 0.09394087467390427 0.7625 0.01965808206570041
v -0.06587983440585607 0.7625 0.06979380734461321
v 0.11098590604108877 0.925 0.16169300745622434
v 0.0012582550311040705 0.925 0.19611455018503016
v 0.15609197767632146 1.0875 0.3931798222570619
v 0.0964573847361124 1.0875 0.41188718243576067
v 0.2292590895796024 1.25 0.714118526468213
v 0.21971755470916893 1.25 0.7171117040968049
v -0.05515114528953017 0.6 0.09517537062314564
v 0.05515114528953017 0.6 -0.09517537062314564
v -0.06362084257797085 0.82375 0.05992871506772904
v 0.020359310476541007 0.82375 -0.08499741747206094
v -0.11535207196784136 1.0474999999999999 -0.00038664289201947866
v -0.057694056437878005 1.0474999999999999 -0.0998881667253081
v -0.21034483345914173 1.27125 -0.08577070325609988
v -0.17900895545372686 1.27125 -0.13984761838288717
v -0.3485991270518719 1.495 -0.19622346602451218
v -0.34358538657100557 1.495 -0.20487577244479815
v -0.023623647962473387 0.6 -0.10743334332014957
v 0.023623647962473387 0.6 0.10743334332014957
v 0.017112775079188448 0.78875 -0.08951379410649013
v 0.05308514811295474 0.78875 0.074077887767374
v 0.12804712131299348 0.9775 -0.08703015123194681
v 0.15274457145557926 0.9775 0.025286525875482288
v 0.3091793907389417 1.16625 -0.09998241469651964
v 0.32260191799034704 1.16625 -0.038940742355525554
v 0.560509583357033 1.355 -0.12837058450020858
v 0.5626571877172579 1.355 -0.11860391692564952
vt 0.0 0.0
vt 0.041666666666666664 0.0
vt 0.08333333333333333 0.0
vt 0.125 0.0
vt 0.16666666666666666 0.0
vt 0.20833333333333334 0.0
vt 0.25 0.0
vt 0.2916666666666667 0.0
vt 0.3333333333333333 0.0
vt 0.375 0.0
vt 0.4166666666666667 0.0
vt 0.4583333333333333 0.0
vt 0.5 0.0
vt 0.5416666666666666 0.0
vt 0.5833333333333334 0.0
vt 0.625 0.0
vt 0.6666666666666666 0.0
vt 0.7083333333333334 0.0
vt 0.75 0.0
vt 0.7916666666666666 0.0
vt 0.8333333333333334 0.0
vt 0.875 0.0
vt 0.9166666666666666 0.0
vt 0.9583333333333334 0.0
vt 1.0 0.0
vt 0.0 0.037
vt 0.041666666666666664 0.037
vt 0.08333333333333333 0.037
vt 0.125 0.037
vt 0.16666666666666666 0.037
vt 0.20833333333333334 0.037
vt 0.25 0.037
vt 0.2916666666666667 0.037
vt 0.3333333333333333 0.037
vt 0.375 0.037
vt 0.4166666666666667 0.037
vt 0.4583333333333333 0.037
vt 0.5 0.037
vt 0.5416666666666666 0.037
vt 0.5833333333333334 0.037
vt 0.625 0.037
vt 0.6666666666666666 0.037
vt 0.7083333333333334 0.037
vt 0.75 0.037
vt 0.7916666666666666 0.037
vt 0.8333333333333334 0.037
vt 0.875 0.037
vt 0.9166666666666666 0.037
vt 0.9583333333333334 0.037
vt 1.0 0.037
vt 0.0 0.074
vt 0.041666666666666664 0.074
vt 0.08333333333333333 0.074
vt 0.125 0.074
vt 0.16666666666666666 0.074
vt 0.20833333333333334 0.074
vt 0.25 0.074
vt 0.2916666666666667 0.074
vt 0.3333333333333333 0.074
vt 0.375 0.074
vt 0.4166666666666667 0.074
vt 0.4583333333333333 0.074
vt 0.5 0.074
vt 0.5416666666666666 0.074
vt 0.5833333333333334 0.074
vt 0.625 0.074
vt 0.6666666666666666 0.074
vt 0.7083333333333334 0.074
vt 0.75 0.074
vt 0.7916666666666666 0.074
vt 0.8333333333333334 0.074
vt 0.875 0.074
vt 0.9166666666666666 0.074
vt 0.9583333333333334 0.074
vt 1.0 0.074
vt 0.0 0.11099999999999999
vt 0.041666666666666664 0.11099999999999999
vt 0.08333333333333333 0.11099999999999999
vt 0.125 0.11099999999999999
vt 0.16666666666666666 0.11099999999999999
vt 0.20833333333333334 0.11099999999999999
vt 0.25 0.11099999999999999
vt 0.2916666666666667 0.11099999999999999
vt 0.3333333333333333 0.11099999999999999
vt 0.375 0.11099999999999999
vt 0.4166666666666667 0.11099999999999999
vt 0.4583333333333333 0.11099999999999999
vt 0.5 0.11099999999999999
vt 0.5416666666666666 0.11099999999999999
vt 0.5833333333333334 0.11099999999999999
vt 0.625 0.11099999999999999
vt 0.6666666666666666 0.11099999999999999
vt 0.7083333333333334 0.11099999999999999
vt 0.75 0.11099999999999999
vt 0.7916666666666666 0.11099999999999999
vt 0.8333333333333334 0.11099999999999999
vt 0.875 0.11099999999999999
vt 0.9166666666666666 0.11099999999999999
vt 0.9583333333333334 0.11099999999999999
vt 1.0 0.11099999999999999
vt 0.0 0.148
vt 0.041666666666666664 0.148
vt 0.08333333333333333 0.148
vt 0.125 0.148
vt 0.16666666666666666 0.148
vt 0.20833333333333334 0.148
vt 0.25 0.148
vt 0.2916666666666667 0.148
vt 0.3333333333333333 0.148
vt 0.375 0.148
vt 0.4166666666666667 0.148
vt 0.4583333333333333 0.148
vt 0.5 0.148
vt 0.5416666666666666 0.148
vt 0.5833333333333334 0.148
vt 0.625 0.148
vt 0.6666666666666666 0.148
vt 0.7083333333333334 0.148
vt 0.75 0.148
vt 0.7916666666666666 0.148
vt 0.8333333333333334 0.148
vt 0.875 0.148
vt 0.9166666666666666 0.148
vt 0.9583333333333334 0.148
vt 1.0 0.148
vt 0.0 0.185
vt 0.041666666666666664 0.185
vt 0.08333333333333333 0.185
vt 0.125 0.185
vt 0.16666666666666666 0.185
vt 0.20833333333333334 0.185
vt 0.25 0.185
vt 0.2916666666666667 0.185
vt 0.3333333333333333 0.185
vt 0.375 0.185
vt 0.4166666666666667 0.185
vt 0.4583333333333333 0.185
vt 0.5 0.185
vt 0.5416666666666666 0.185
vt 0.5833333333333334 0.185
vt 0.625 0.185
vt 0.6666666666666666 0.185
vt 0.7083333333333334 0.185
vt 0.75 0.185
vt 0.7916666666666666 0.185
vt 0.8333333333333334 0.185
vt 0.875 0.185
vt 0.9166666666666666 0.185
vt 0.9583333333333334 0.185
vt 1.0 0.185
vt 0.0 0.22199999999999998
vt 0.041666666666666664 0.22199999999999998
vt 0.08333333333333333 0.22199999999999998
vt 0.125 0.22199999999999998
vt 0.16666666666666666 0.22199999999999998
vt 0.20833333333333334 0.22199999999999998
vt 0.25 0.22199999999999998
vt 0.2916666666666667 0.22199999999999998
vt 0.3333333333333333 0.22199999999999998
vt 0.375 0.22199999999999998
vt 0.4166666666666667 0.22199999999999998
vt 0.4583333333333333 0.22199999999999998
vt 0.5 0.22199999999999998
vt 0.5416666666666666 0.22199999999999998
vt 0.5833333333333334 0.22199999999999998
vt 0.625 0.22199999999999998
vt 0.6666666666666666 0.22199999999999998
vt 0.7083333333333334 0.22199999999999998
vt 0.75 0.22199999999999998
vt 0.7916666666666666 0.22199999999999998
vt 0.8333333333333334 0.22199999999999998
vt 0.875 0.22199999999999998
vt 0.9166666666666666 0.22199999999999998
vt 0.9583333333333334 0.22199999999999998
vt 1.0 0.22199999999999998
vt 0.0 0.259
vt 0.041666666666666664 0.259
vt 0.08333333333333333 0.259
vt 0.125 0.259
vt 0.16666666666666666 0.259
vt 0.20833333333333334 0.259
vt 0.25 0.259
vt 0.2916666666666667 0.259
vt 0.3333333333333333 0.259
vt 0.375 0.259
vt 0.4166666666666667 0.259
vt 0.4583333333333333 0.259
vt 0.5 0.259
vt 0.5416666666666666 0.259
vt 0.5833333333333334 0.259
vt 0.625 0.259
vt 0.6666666666666666 0.259
vt 0.7083333333333334 0.259
vt 0.75 0.259
vt 0.7916666666666666 0.259
vt 0.8333333333333334 0.259
vt 0.875 0.259
vt 0.9166666666666666 0.259
vt 0.9583333333333334 0.259
vt 1.0 0.259
vt 0.0 0.296
vt 0.041666666666666664 0.296
vt 0.08333333333333333 0.296
vt 0.125 0.296
vt 0.16666666666666666 0.296
vt 0.20833333333333334 0.296
vt 0.25 0.296
vt 0.2916666666666667 0.296
vt 0.3333333333333333 0.296
vt 0.375 0.296
vt 0.4166666666666667 0.296
vt 0.4583333333333333 0.296
vt 0.5 0.296
vt 0.5416666666666666 0.296
vt 0.5833333333333334 0.296
vt 0.625 0.296
vt 0.6666666666666666 0.296
vt 0.7083333333333334 0.296
vt 0.75 0.296
vt 0.7916666666666666 0.296
vt 0.8333333333333334 0.296
vt 0.875 0.296
vt 0.9166666666666666 0.296
vt 0.9583333333333334 0.296
vt 1.0 0.296
vt 0.0 0.333
vt 0.041666666666666664 0.333
vt 0.08333333333333333 0.333
vt 0.125 0.333
vt 0.16666666666666666 0.333
vt 0.20833333333333334 0.333
vt 0.25 0.333
vt 0.2916666666666667 0.333
vt 0.3333333333333333 0.333
vt 0.375 0.333
vt 0.4166666666666667 0.333
vt 0.4583333333333333 0.333
vt 0.5 0.333
vt 0.5416666666666666 0.333
vt 0.5833333333333334 0.333
vt 0.625 0.333
vt 0.6666666666666666 0.333
vt 0.7083333333333334 0.333
vt 0.75 0.333
vt 0.7916666666666666 0.333
vt 0.8333333333333334 0.333
vt 0.875 0.333
vt 0.9166666666666666 0.333
vt 0.9583333333333334 0.333
vt 1.0 0.333
vt 0.0 0.37
vt 0.041666666666666664 0.37
vt 0.08333333333333333 0.37
vt 0.125 0.37
vt 0.16666666666666666 0.37
vt 0.20833333333333334 0.37
vt 0.25 0.37
vt 0.2916666666666667 0.37
vt 0.3333333333333333 0.37
vt 0.375 0.37
vt 0.4166666666666667 0.37
vt 0.4583333333333333 0.37
vt 0.5 0.37
vt 0.5416666666666666 0.37
vt 0.5833333333333334 0.37
vt 0.625 0.37
vt 0.6666666666666666 0.37
vt 0.7083333333333334 0.37
vt 0.75 0.37
vt 0.7916666666666666 0.37
vt 0.8333333333333334 0.37
vt 0.875 0.37
vt 0.9166666666666666 0.37
vt 0.9583333333333334 0.37
vt 1.0 0.37
vt 0.0 0.40700000000000003
vt 0.041666666666666664 0.40700000000000003
vt 0.08333333333333333 0.40700000000000003
vt 0.125 0.40700000000000003
vt 0.16666666666666666 0.40700000000000003
vt 0.20833333333333334 0.40700000000000003
vt 0.25 0.40700000000000003
vt 0.2916666666666667 0.40700000000000003
vt 0.3333333333333333 0.40700000000000003
vt 0.375 0.40700000000000003
vt 0.4166666666666667 0.40700000000000003
vt 0.4583333333333333 0.40700000000000003
vt 0.5 0.40700000000000003
vt 0.5416666666666666 0.40700000000000003
vt 0.5833333333333334 0.40700000000000003
vt 0.625 0.40700000000000003
vt 0.6666666666666666 0.40700000000000003
vt 0.7083333333333334 0.40700000000000003
vt 0.75 0.40700000000000003
vt 0.7916666666666666 0.40700000000000003
vt 0.8333333333333334 0.40700000000000003
vt 0.875 0.40700000000000003
vt 0.9166666666666666 0.40700000000000003
vt 0.9583333333333334 0.40700000000000003
vt 1.0 0.40700000000000003
vt 0.0 0.44399999999999995
vt 0.041666666666666664 0.44399999999999995
vt 0.08333333333333333 0.44399999999999995
vt 0.125 0.44399999999999995
vt 0.16666666666666666 0.44399999999999995
vt 0.20833333333333334 0.44399999999999995
vt 0.25 0.44399999999999995
vt 0.2916666666666667 0.44399999999999995
vt 0.3333333333333333 0.44399999999999995
vt 0.375 0.44399999999999995
vt 0.4166666666666667 0.44399999999999995
vt 0.4583333333333333 0.44399999999999995
vt 0.5 0.44399999999999995
vt 0.5416666666666666 0.44399999999999995
vt 0.5833333333333334 0.44399999999999995
vt 0.625 0.44399999999999995
vt 0.6666666666666666 0.44399999999999995
vt 0.7083333333333334 0.44399999999999995
vt 0.75 0.44399999999999995
vt 0.7916666666666666 0.44399999999999995
vt 0.8333333333333334 0.44399999999999995
vt 0.875 0.44399999999999995
vt 0.9166666666666666 0.44399999999999995
vt 0.9583333333333334 0.44399999999999995
vt 1.0 0.44399999999999995
vt 0.0 0.481
vt 0.041666666666666664 0.481
vt 0.08333333333333333 0.481
vt 0.125 0.481
vt 0.16666666666666666 0.481
vt 0.20833333333333334 0.481
vt 0.25 0.481
vt 0.2916666666666667 0.481
vt 0.3333333333333333 0.481
vt 0.375 0.481
vt 0.4166666666666667 0.481
vt 0.4583333333333333 0.481
vt 0.5 0.481
vt 0.5416666666666666 0.481
vt 0.5833333333333334 0.481
vt 0.625 0.481
vt 0.6666666666666666 0.481
vt 0.7083333333333334 0.481
vt 0.75 0.481
vt 0.7916666666666666 0.481
vt 0.8333333333333334 0.481
vt 0.875 0.481
vt 0.9166666666666666 0.481
vt 0.9583333333333334 0.481
vt 1.0 0.481
vt 0.0 0.518
vt 0.041666666666666664 0.518
vt 0.08333333333333333 0.518
vt 0.125 0.518
vt 0.16666666666666666 0.518
vt 0.20833333333333334 0.518
vt 0.25 0.518
vt 0.2916666666666667 0.518
vt 0.3333333333333333 0.518
vt 0.375 0.518
vt 0.4166666666666667 0.518
vt 0.4583333333333333 0.518
vt 0.5 0.518
vt 0.5416666666666666 0.518
vt 0.5833333333333334 0.518
vt 0.625 0.518
vt 0.6666666666666666 0.518
vt 0.7083333333333334 0.518
vt 0.75 0.518
vt 0.7916666666666666 0.518
vt 0.8333333333333334 0.518
vt 0.875 0.518
vt 0.9166666666666666 0.518
vt 0.9583333333333334 0.518
vt 1.0 0.518
vt 0.0 0.5549999999999999
vt 0.041666666666666664 0.5549999999999999
vt 0.08333333333333333 0.5549999999999999
vt 0.125 0.5549999999999999
vt 0.16666666666666666 0.5549999999999999
vt 0.20833333333333334 0.5549999999999999
vt 0.25 0.5549999999999999
vt 0.2916666666666667 0.5549999999999999
vt 0.3333333333333333 0.5549999999999999
vt 0.375 0.5549999999999999
vt 0.4166666666666667 0.5549999999999999
vt 0.4583333333333333 0.5549999999999999
vt 0.5 0.5549999999999999
vt 0.5416666666666666 0.5549999999999999
vt 0.5833333333333334 0.5549999999999999
vt 0.625 0.5549999999999999
vt 0.6666666666666666 0.5549999999999999
vt 0.7083333333333334 0.5549999999999999
vt 0.75 0.5549999999999999
vt 0.7916666666666666 0.5549999999999999
vt 0.8333333333333334 0.5549999999999999
vt 0.875 0.5549999999999999
vt 0.9166666666666666 0.5549999999999999
vt 0.9583333333333334 0.5549999999999999
vt 1.0 0.5549999999999999
vt 0.0 0.592
vt 0.041666666666666664 0.592
vt 0.08333333333333333 0.592
vt 0.125 0.592
vt 0.16666666666666666 0.592
vt 0.20833333333333334 0.592
vt 0.25 0.592
vt 0.2916666666666667 0.592
vt 0.3333333333333333 0.592
vt 0.375 0.592
vt 0.4166666666666667 0.592
vt 0.4583333333333333 0.592
vt 0.5 0.592
vt 0.5416666666666666 0.592
vt 0.5833333333333334 0.592
vt 0.625 0.592
vt 0.6666666666666666 0.592
vt 0.7083333333333334 0.592
vt 0.75 0.592
vt 0.7916666666666666 0.592
vt 0.8333333333333334 0.592
vt 0.875 0.592
vt 0.9166666666666666 0.592
vt 0.9583333333333334 0.592
vt 1.0 0.592
vt 0.0 0.629
vt 0.041666666666666664 0.629
vt 0.08333333333333333 0.629
vt 0.125 0.629
vt 0.16666666666666666 0.629
vt 0.20833333333333334 0.629
vt 0.25 0.629
vt 0.2916666666666667 0.629
vt 0.3333333333333333 0.629
vt 0.375 0.629
vt 0.4166666666666667 0.629
vt 0.4583333333333333 0.629
vt 0.5 0.629
vt 0.5416666666666666 0.629
vt 0.5833333333333334 0.629
vt 0.625 0.629
vt 0.6666666666666666 0.629
vt 0.7083333333333334 0.629
vt 0.75 0.629
vt 0.7916666666666666 0.629
vt 0.8333333333333334 0.629
vt 0.875 0.629
vt 0.9166666666666666 0.629
vt 0.9583333333333334 0.629
vt 1.0 0.629
vt 0.0 0.666
vt 0.041666666666666664 0.666
vt 0.08333333333333333 0.666
vt 0.125 0.666
vt 0.16666666666666666 0.666
vt 0.20833333333333334 0.666
vt 0.25 0.666
vt 0.2916666666666667 0.666
vt 0.3333333333333333 0.666
vt 0.375 0.666
vt 0.4166666666666667 0.666
vt 0.4583333333333333 0.666
vt 0.5 0.666
vt 0.5416666666666666 0.666
vt 0.5833333333333334 0.666
vt 0.625 0.666
vt 0.6666666666666666 0.666
vt 0.7083333333333334 0.666
vt 0.75 0.666
vt 0.7916666666666666 0.666
vt 0.8333333333333334 0.666
vt 0.875 0.666
vt 0.9166666666666666 0.666
vt 0.9583333333333334 0.666
vt 1.0 0.666
vt 0.0 0.7030000000000001
vt 0.041666666666666664 0.7030000000000001
vt 0.08333333333333333 0.7030000000000001
vt 0.125 0.7030000000000001
vt 0.16666666666666666 0.7030000000000001
vt 0.20833333333333334 0.7030000000000001
vt 0.25 0.7030000000000001
vt 0.2916666666666667 0.7030000000000001
vt 0.3333333333333333 0.7030000000000001
vt 0.375 0.7030000000000001
vt 0.4166666666666667 0.7030000000000001
vt 0.4583333333333333 0.7030000000000001
vt 0.5 0.7030000000000001
vt 0.5416666666666666 0.7030000000000001
vt 0.5833333333333334 0.7030000000000001
vt 0.625 0.7030000000000001
vt 0.6666666666666666 0.7030000000000001
vt 0.7083333333333334 0.7030000000000001
vt 0.75 0.7030000000000001
vt 0.7916666666666666 0.7030000000000001
vt 0.8333333333333334 0.7030000000000001
vt 0.875 0.7030000000000001
vt 0.9166666666666666 0.7030000000000001
vt 0.9583333333333334 0.7030000000000001
vt 1.0 0.7030000000000001
vt 0.0 0.74
vt 0.041666666666666664 0.74
vt 0.08333333333333333 0.74
vt 0.125 0.74
vt 0.16666666666666666 0.74
vt 0.20833333333333334 0.74
vt 0.25 0.74
vt 0.2916666666666667 0.74
vt 0.3333333333333333 0.74
vt 0.375 0.74
vt 0.4166666666666667 0.74
vt 0.4583333333333333 0.74
vt 0.5 0.74
vt 0.5416666666666666 0.74
vt 0.5833333333333334 0.74
vt 0.625 0.74
vt 0.6666666666666666 0.74
vt 0.7083333333333334 0.74
vt 0.75 0.74
vt 0.7916666666666666 0.74
vt 0.8333333333333334 0.74
vt 0.875 0.74
vt 0.9166666666666666 0.74
vt 0.9583333333333334 0.74
vt 1.0 0.74
vt 0.1 0.82
vt 0.30000000000000004 0.82
vt 0.1 0.86
vt 0.30000000000000004 0.86
vt 0.1 0.8999999999999999
vt 0.30000000000000004 0.8999999999999999
vt 0.1 0.94
vt 0.30000000000000004 0.94
vt 0.1 0.98
vt 0.30000000000000004 0.98
vt 0.1 0.82
vt 0.30000000000000004 0.82
vt 0.1 0.86
vt 0.30000000000000004 0.86
vt 0.1 0.8999999999999999
vt 0.30000000000000004 0.8999999999999999
vt 0.1 0.94
vt 0.30000000000000004 0.94
vt 0.1 0.98
vt 0.30000000000000004 0.98
vt 0.1 0.82
vt 0.30000000000000004 0.82
vt 0.1 0.86
vt 0.30000000000000004 0.86
vt 0.1 0.8999999999999999
vt 0.30000000000000004 0.8999999999999999
vt 0.1 0.94
vt 0.30000000000000004 0.94
vt 0.1 0.98
vt 0.30000000000000004 0.98
vt 0.1 0.82
vt 0.30000000000000004 0.82
vt 0.1 0.86
vt 0.30000000000000004 0.86
vt 0.1 0.8999999999999999
vt 0.30000000000000004 0.8999999999999999
vt 0.1 0.94
vt 0.30000000000000004 0.94
vt 0.1 0.98
vt 0.30000000000000004 0.98
vt 0.1 0.82
vt 0.30000000000000004 0.82
vt 0.1 0.86
vt 0.30000000000000004 0.86
vt 0.1 0.8999999999999999
vt 0.30000000000000004 0.8999999999999999
vt 0.1 0.94
vt 0.30000000000000004 0.94
vt 0.1 0.98
vt 0.30000000000000004 0.98
vt 0.1 0.82
vt 0.30000000000000004 0.82
vt 0.1 0.86
vt 0.30000000000000004 0.86
vt 0.1 0.8999999999999999
vt 0.30000000000000004 0.8999999999999999
vt 0.1 0.94
vt 0.30000000000000004 0.94
vt 0.1 0.98
vt 0.30000000000000004 0.98
vt 0.1 0.82
vt 0.30000000000000004 0.82
vt 0.1 0.86
vt 0.30000000000000004 0.86
vt 0.1 0.8999999999999999
vt 0.30000000000000004 0.8999999999999999
vt 0.1 0.94
vt 0.30000000000000004 0.94
vt 0.1 0.98
vt 0.30000000000000004 0.98
vt 0.1 0.82
vt 0.30000000000000004 0.82
vt 0.1 0.86
vt 0.30000000000000004 0.86
vt 0.1 0.8999999999999999
vt 0.30000000000000004 0.8999999999999999
vt 0.1 0.94
vt 0.30000000000000004 0.94
vt 0.1 0.98
vt 0.30000000000000004 0.98
vt 0.1 0.82
vt 0.30000000000000004 0.82
vt 0.1 0.86
vt 0.30000000000000004 0.86
vt 0.1 0.8999999999999999
vt 0.30000000000000004 0.8999999999999999
vt 0.1 0.94
vt 0.30000000000000004 0.94
vt 0.1 0.98
vt 0.30000000000000004 0.98
vt 0.1 0.82
vt 0.30000000000000004 0.82
vt 0.1 0.86
vt 0.30000000000000004 0.86
vt 0.1 0.8999999999999999
vt 0.30000000000000004 0.8999999999999999
vt 0.1 0.94
vt 0.30000000000000004 0.94
vt 0.1 0.98
vt 0.30000000000000004 0.98
vt 0.1 0.82
vt 0.30000000000000004 0.82
vt 0.1 0.86
vt 0.30000000000000004 0.86
vt 0.1 0.8999999999999999
vt 0.30000000000000004 0.8999999999999999
vt 0.1 0.94
vt 0.30000000000000004 0.94
vt 0.1 0.98
vt 0.30000000000000004 0.98
vt 0.1 0.82
vt 0.30000000000000004 0.82
vt 0.1 0.86
vt 0.30000000000000004 0.86
vt 0.1 0.8999999999999999
vt 0.30000000000000004 0.8999999999999999
vt 0.1 0.94
vt 0.30000000000000004 0.94
vt 0.1 0.98
vt 0.30000000000000004 0.98
vt 0.1 0.82
vt 0.30000000000000004 0.82
vt 0.1 0.86
vt 0.30000000000000004 0.86
vt 0.1 0.8999999999999999
vt 0.30000000000000004 0.8999999999999999
vt 0.1 0.94
vt 0.30000000000000004 0.94
vt 0.1 0.98
vt 0.30000000000000004 0.98
vt 0.1 0.82
vt 0.30000000000000004 0.82
vt 0.1 0.86
vt 0.30000000000000004 0.86
vt 0.1 0.8999999999999999
vt 0.30000000000000004 0.8999999999999999
vt 0.1 0.94
vt 0.30000000000000004 0.94
vt 0.1 0.98
vt 0.30000000000000004 0.98
vn 1.0 -0.7 0.0
vn 0.9659258262890683 -0.7 0.25881904510252074
vn 0.8660254037844387 -0.7 0.49999999999999994
vn 0.7071067811865476 -0.7 0.7071067811865475
vn 0.5000000000000001 -0.7 0.8660254037844386
vn 0.25881904510252074 -0.7 0.9659258262890683
vn 6.123233995736766e-17 -0.7 1.0
vn -0.25881904510252063 -0.7 0.9659258262890683
vn -0.49999999999999983 -0.7 0.8660254037844387
vn -0.7071067811865475 -0.7 0.7071067811865476
vn -0.8660254037844387 -0.7 0.49999999999999994
vn -0.9659258262890682 -0.7 0.258819045102521
vn -1.0 -0.7 1.2246467991473532e-16
vn -0.9659258262890683 -0.7 -0.2588190451025208
vn -0.8660254037844388 -0.7 -0.4999999999999998
vn -0.7071067811865479 -0.7 -0.7071067811865471
vn -0.5000000000000004 -0.7 -0.8660254037844384
vn -0.25881904510252063 -0.7 -0.9659258262890683
vn -1.8369701987210297e-16 -0.7 -1.0
vn 0.2588190451025203 -0.7 -0.9659258262890684
vn 0.5000000000000001 -0.7 -0.8660254037844386
vn 0.7071067811865474 -0.7 -0.7071067811865477
vn 0.8660254037844384 -0.7 -0.5000000000000004
vn 0.9659258262890681 -0.7 -0.25881904510252157
vn 1.0 -0.7 -2.4492935982947064e-16
vn 1.0 -0.6913818384165964 0.0
vn 0.9659258262890683 -0.6913818384165964 0.25881904510252074
vn 0.8660254037844387 -0.6913818384165964 0.49999999999999994
vn 0.7071067811865476 -0.6913818384165964 0.7071067811865475
vn 0.5000000000000001 -0.6913818384165964 0.8660254037844386
vn 0.25881904510252074 -0.6913818384165964 0.9659258262890683
vn 6.123233995736766e-17 -0.6913818384165964 1.0
vn -0.25881904510252063 -0.6913818384165964 0.9659258262890683
vn -0.49999999999999983 -0.6913818384165964 0.8660254037844387
vn -0.7071067811865475 -0.6913818384165964 0.7071067811865476
vn -0.8660254037844387 -0.6913818384165964 0.49999999999999994
vn -0.9659258262890682 -0.6913818384165964 0.258819045102521
vn -1.0 -0.6913818384165964 1.2246467991473532e-16
vn -0.9659258262890683 -0.6913818384165964 -0.2588190451025208
vn -0.8660254037844388 -0.6913818384165964 -0.4999999999999998
vn -0.7071067811865479 -0.6913818384165964 -0.7071067811865471
vn -0.5000000000000004 -0.6913818384165964 -0.8660254037844384
vn -0.25881904510252063 -0.6913818384165964 -0.9659258262890683
vn -1.8369701987210297e-16 -0.6913818384165964 -1.0
vn 0.2588190451025203 -0.6913818384165964 -0.9659258262890684
vn 0.5000000000000001 -0.6913818384165964 -0.8660254037844386
vn 0.7071067811865474 -0.6913818384165964 -0.7071067811865477
vn 0.8660254037844384 -0.6913818384165964 -0.5000000000000004
vn 0.9659258262890681 -0.6913818384165964 -0.25881904510252157
vn 1.0 -0.6913818384165964 -2.4492935982947064e-16
vn 1.0 -0.6657395614066074 0.0
vn 0.9659258262890683 -0.6657395614066074 0.25881904510252074
vn 0.8660254037844387 -0.6657395614066074 0.49999999999999994
vn 0.7071067811865476 -0.6657395614066074 0.7071067811865475
vn 0.5000000000000001 -0.6657395614066074 0.8660254037844386
vn 0.25881904510252074 -0.6657395614066074 0.9659258262890683
vn 6.123233995736766e-17 -0.6657395614066074 1.0
vn -0.25881904510252063 -0.6657395614066074 0.9659258262890683
vn -0.49999999999999983 -0.6657395614066074 0.8660254037844387
vn -0.7071067811865475 -0.6657395614066074 0.7071067811865476
vn -0.8660254037844387 -0.6657395614066074 0.49999999999999994
vn -0.9659258262890682 -0.6657395614066074 0.258819045102521
vn -1.0 -0.6657395614066074 1.2246467991473532e-16
vn -0.9659258262890683 -0.6657395614066074 -0.2588190451025208
vn -0.8660254037844388 -0.6657395614066074 -0.4999999999999998
vn -0.7071067811865479 -0.6657395614066074 -0.7071067811865471
vn -0.5000000000000004 -0.6657395614066074 -0.8660254037844384
vn -0.25881904510252063 -0.6657395614066074 -0.9659258262890683
vn -1.8369701987210297e-16 -0.6657395614066074 -1.0
vn 0.2588190451025203 -0.6657395614066074 -0.9659258262890684
vn 0.5000000000000001 -0.6657395614066074 -0.8660254037844386
vn 0.7071067811865474 -0.6657395614066074 -0.7071067811865477
vn 0.8660254037844384 -0.6657395614066074 -0.5000000000000004
vn 0.9659258262890681 -0.6657395614066074 -0.25881904510252157
vn 1.0 -0.6657395614066074 -2.4492935982947064e-16
vn 1.0 -0.6237045669318575 0.0
vn 0.9659258262890683 -0.6237045669318575 0.25881904510252074
vn 0.8660254037844387 -0.6237045669318575 0.49999999999999994
vn 0.7071067811865476 -0.6237045669318575 0.7071067811865475
vn 0.5000000000000001 -0.6237045669318575 0.8660254037844386
vn 0.25881904510252074 -0.6237045669318575 0.9659258262890683
vn 6.123233995736766e-17 -0.6237045669318575 1.0
vn -0.25881904510252063 -0.6237045669318575 0.9659258262890683
vn -0.49999999999999983 -0.6237045669318575 0.8660254037844387
vn -0.7071067811865475 -0.6237045669318575 0.7071067811865476
vn -0.8660254037844387 -0.6237045669318575 0.49999999999999994
vn -0.9659258262890682 -0.6237045669318575 0.258819045102521
vn -1.0 -0.6237045669318575 1.2246467991473532e-16
vn -0.9659258262890683 -0.6237045669318575 -0.2588190451025208
vn -0.8660254037844388 -0.6237045669318575 -0.4999999999999998
vn -0.7071067811865479 -0.6237045669318575 -0.7071067811865471
vn -0.5000000000000004 -0.6237045669318575 -0.8660254037844384
vn -0.25881904510252063 -0.6237045669318575 -0.9659258262890683
vn -1.8369701987210297e-16 -0.6237045669318575 -1.0
vn 0.2588190451025203 -0.6237045669318575 -0.9659258262890684
vn 0.5000000000000001 -0.6237045669318575 -0.8660254037844386
vn 0.7071067811865474 -0.6237045669318575 -0.7071067811865477
vn 0.8660254037844384 -0.6237045669318575 -0.5000000000000004
vn 0.9659258262890681 -0.6237045669318575 -0.25881904510252157
vn 1.0 -0.6237045669318575 -2.4492935982947064e-16
vn 1.0 -0.5663118960624631 0.0
vn 0.9659258262890683 -0.5663118960624631 0.25881904510252074
vn 0.8660254037844387 -0.5663118960624631 0.49999999999999994
vn 0.7071067811865476 -0.5663118960624631 0.7071067811865475
vn 0.5000000000000001 -0.5663118960624631 0.8660254037844386
vn 0.25881904510252074 -0.5663118960624631 0.9659258262890683
vn 6.123233995736766e-17 -0.5663118960624631 1.0
vn -0.25881904510252063 -0.5663118960624631 0.9659258262890683
vn -0.49999999999999983 -0.5663118960624631 0.8660254037844387
vn -0.7071067811865475 -0.5663118960624631 0.7071067811865476
vn -0.8660254037844387 -0.5663118960624631 0.49999999999999994
vn -0.9659258262890682 -0.5663118960624631 0.258819045102521
vn -1.0 -0.5663118960624631 1.2246467991473532e-16
vn -0.9659258262890683 -0.5663118960624631 -0.2588190451025208
vn -0.8660254037844388 -0.5663118960624631 -0.4999999999999998
vn -0.7071067811865479 -0.5663118960624631 -0.7071067811865471
vn -0.5000000000000004 -0.5663118960624631 -0.8660254037844384
vn -0.25881904510252063 -0.5663118960624631 -0.9659258262890683
vn -1.8369701987210297e-16 -0.5663118960624631 -1.0
vn 0.2588190451025203 -0.5663118960624631 -0.9659258262890684
vn 0.5000000000000001 -0.5663118960624631 -0.8660254037844386
vn 0.7071067811865474 -0.5663118960624631 -0.7071067811865477
vn 0.8660254037844384 -0.5663118960624631 -0.5000000000000004
vn 0.9659258262890681 -0.5663118960624631 -0.25881904510252157
vn 1.0 -0.5663118960624631 -2.4492935982947064e-16
vn 1.0 -0.4949747468305833 0.0
vn 0.9659258262890683 -0.4949747468305833 0.25881904510252074
vn 0.8660254037844387 -0.4949747468305833 0.49999999999999994
vn 0.7071067811865476 -0.4949747468305833 0.7071067811865475
vn 0.5000000000000001 -0.4949747468305833 0.8660254037844386
vn 0.25881904510252074 -0.4949747468305833 0.9659258262890683
vn 6.123233995736766e-17 -0.4949747468305833 1.0
vn -0.25881904510252063 -0.4949747468305833 0.9659258262890683
vn -0.49999999999999983 -0.4949747468305833 0.8660254037844387
vn -0.7071067811865475 -0.4949747468305833 0.7071067811865476
vn -0.8660254037844387 -0.4949747468305833 0.49999999999999994
vn -0.9659258262890682 -0.4949747468305833 0.258819045102521
vn -1.0 -0.4949747468305833 1.2246467991473532e-16
vn -0.9659258262890683 -0.4949747468305833 -0.2588190451025208
vn -0.8660254037844388 -0.4949747468305833 -0.4999999999999998
vn -0.7071067811865479 -0.4949747468305833 -0.7071067811865471
vn -0.5000000000000004 -0.4949747468305833 -0.8660254037844384
vn -0.25881904510252063 -0.4949747468305833 -0.9659258262890683
vn -1.8369701987210297e-16 -0.4949747468305833 -1.0
vn 0.2588190451025203 -0.4949747468305833 -0.9659258262890684
vn 0.5000000000000001 -0.4949747468305833 -0.8660254037844386
vn 0.7071067811865474 -0.4949747468305833 -0.7071067811865477
vn 0.8660254037844384 -0.4949747468305833 -0.5000000000000004
vn 0.9659258262890681 -0.4949747468305833 -0.25881904510252157
vn 1.0 -0.4949747468305833 -2.4492935982947064e-16
vn 1.0 -0.4114496766047312 0.0
vn 0.9659258262890683 -0.4114496766047312 0.25881904510252074
vn 0.8660254037844387 -0.4114496766047312 0.49999999999999994
vn 0.7071067811865476 -0.4114496766047312 0.7071067811865475
vn 0.5000000000000001 -0.4114496766047312 0.8660254037844386
vn 0.25881904510252074 -0.4114496766047312 0.9659258262890683
vn 6.123233995736766e-17 -0.4114496766047312 1.0
vn -0.25881904510252063 -0.4114496766047312 0.9659258262890683
vn -0.49999999999999983 -0.4114496766047312 0.8660254037844387
vn -0.7071067811865475 -0.4114496766047312 0.7071067811865476
vn -0.8660254037844387 -0.4114496766047312 0.49999999999999994
vn -0.9659258262890682 -0.4114496766047312 0.258819045102521
vn -1.0 -0.4114496766047312 1.2246467991473532e-16
vn -0.9659258262890683 -0.4114496766047312 -0.2588190451025208
vn -0.8660254037844388 -0.4114496766047312 -0.4999999999999998
vn -0.7071067811865479 -0.4114496766047312 -0.7071067811865471
vn -0.5000000000000004 -0.4114496766047312 -0.8660254037844384
vn -0.25881904510252063 -0.4114496766047312 -0.9659258262890683
vn -1.8369701987210297e-16 -0.4114496766047312 -1.0
vn 0.2588190451025203 -0.4114496766047312 -0.9659258262890684
vn 0.5000000000000001 -0.4114496766047312 -0.8660254037844386
vn 0.7071067811865474 -0.4114496766047312 -0.7071067811865477
vn 0.8660254037844384 -0.4114496766047312 -0.5000000000000004
vn 0.9659258262890681 -0.4114496766047312 -0.25881904510252157
vn 1.0 -0.4114496766047312 -2.4492935982947064e-16
vn 1.0 -0.31779334981768276 0.0
vn 0.9659258262890683 -0.31779334981768276 0.25881904510252074
vn 0.8660254037844387 -0.31779334981768276 0.49999999999999994
vn 0.7071067811865476 -0.31779334981768276 0.7071067811865475
vn 0.5000000000000001 -0.31779334981768276 0.8660254037844386
vn 0.25881904510252074 -0.31779334981768276 0.9659258262890683
vn 6.123233995736766e-17 -0.31779334981768276 1.0
vn -0.25881904510252063 -0.31779334981768276 0.9659258262890683
vn -0.49999999999999983 -0.31779334981768276 0.8660254037844387
vn -0.7071067811865475 -0.31779334981768276 0.7071067811865476
vn -0.8660254037844387 -0.31779334981768276 0.49999999999999994
vn -0.9659258262890682 -0.31779334981768276 0.258819045102521
vn -1.0 -0.31779334981768276 1.2246467991473532e-16
vn -0.9659258262890683 -0.31779334981768276 -0.2588190451025208
vn -0.8660254037844388 -0.31779334981768276 -0.4999999999999998
vn -0.7071067811865479 -0.31779334981768276 -0.7071067811865471
vn -0.5000000000000004 -0.31779334981768276 -0.8660254037844384
vn -0.25881904510252063 -0.31779334981768276 -0.9659258262890683
vn -1.8369701987210297e-16 -0.31779334981768276 -1.0
vn 0.2588190451025203 -0.31779334981768276 -0.9659258262890684
vn 0.5000000000000001 -0.31779334981768276 -0.8660254037844386
vn 0.7071067811865474 -0.31779334981768276 -0.7071067811865477
vn 0.8660254037844384 -0.31779334981768276 -0.5000000000000004
vn 0.9659258262890681 -0.31779334981768276 -0.25881904510252157
vn 1.0 -0.31779334981768276 -2.4492935982947064e-16
vn 1.0 -0.2163118960624632 0.0
vn 0.9659258262890683 -0.2163118960624632 0.25881904510252074
vn 0.8660254037844387 -0.2163118960624632 0.49999999999999994
vn 0.7071067811865476 -0.2163118960624632 0.7071067811865475
vn 0.5000000000000001 -0.2163118960624632 0.8660254037844386
vn 0.25881904510252074 -0.2163118960624632 0.9659258262890683
vn 6.123233995736766e-17 -0.2163118960624632 1.0
vn -0.25881904510252063 -0.2163118960624632 0.9659258262890683
vn -0.49999999999999983 -0.2163118960624632 0.8660254037844387
vn -0.7071067811865475 -0.2163118960624632 0.7071067811865476
vn -0.8660254037844387 -0.2163118960624632 0.49999999999999994
vn -0.9659258262890682 -0.2163118960624632 0.258819045102521
vn -1.0 -0.2163118960624632 1.2246467991473532e-16
vn -0.9659258262890683 -0.2163118960624632 -0.2588190451025208
vn -0.8660254037844388 -0.2163118960624632 -0.4999999999999998
vn -0.7071067811865479 -0.2163118960624632 -0.7071067811865471
vn -0.5000000000000004 -0.2163118960624632 -0.8660254037844384
vn -0.25881904510252063 -0.2163118960624632 -0.9659258262890683
vn -1.8369701987210297e-16 -0.2163118960624632 -1.0
vn 0.2588190451025203 -0.2163118960624632 -0.9659258262890684
vn 0.5000000000000001 -0.2163118960624632 -0.8660254037844386
vn 0.7071067811865474 -0.2163118960624632 -0.7071067811865477
vn 0.8660254037844384 -0.2163118960624632 -0.5000000000000004
vn 0.9659258262890681 -0.2163118960624632 -0.25881904510252157
vn 1.0 -0.2163118960624632 -2.4492935982947064e-16
vn 1.0 -0.10950412552816163 0.0
vn 0.9659258262890683 -0.10950412552816163 0.25881904510252074
vn 0.8660254037844387 -0.10950412552816163 0.49999999999999994
vn 0.7071067811865476 -0.10950412552816163 0.7071067811865475
vn 0.5000000000000001 -0.10950412552816163 0.8660254037844386
vn 0.25881904510252074 -0.10950412552816163 0.9659258262890683
vn 6.123233995736766e-17 -0.10950412552816163 1.0
vn -0.25881904510252063 -0.10950412552816163 0.9659258262890683
vn -0.49999999999999983 -0.10950412552816163 0.8660254037844387
vn -0.7071067811865475 -0.10950412552816163 0.7071067811865476
vn -0.8660254037844387 -0.10950412552816163 0.49999999999999994
vn -0.9659258262890682 -0.10950412552816163 0.258819045102521
vn -1.0 -0.10950412552816163 1.2246467991473532e-16
vn -0.9659258262890683 -0.10950412552816163 -0.2588190451025208
vn -0.8660254037844388 -0.10950412552816163 -0.4999999999999998
vn -0.7071067811865479 -0.10950412552816163 -0.7071067811865471
vn -0.5000000000000004 -0.10950412552816163 -0.8660254037844384
vn -0.25881904510252063 -0.10950412552816163 -0.9659258262890683
vn -1.8369701987210297e-16 -0.10950412552816163 -1.0
vn 0.2588190451025203 -0.10950412552816163 -0.9659258262890684
vn 0.5000000000000001 -0.10950412552816163 -0.8660254037844386
vn 0.7071067811865474 -0.10950412552816163 -0.7071067811865477
vn 0.8660254037844384 -0.10950412552816163 -0.5000000000000004
vn 0.9659258262890681 -0.10950412552816163 -0.25881904510252157
vn 1.0 -0.10950412552816163 -2.4492935982947064e-16
vn 1.0 -4.286263797015736e-17 0.0
vn 0.9659258262890683 -4.286263797015736e-17 0.25881904510252074
vn 0.8660254037844387 -4.286263797015736e-17 0.49999999999999994
vn 0.7071067811865476 -4.286263797015736e-17 0.7071067811865475
vn 0.5000000000000001 -4.286263797015736e-17 0.8660254037844386
vn 0.25881904510252074 -4.286263797015736e-17 0.9659258262890683
vn 6.123233995736766e-17 -4.286263797015736e-17 1.0
vn -0.25881904510252063 -4.286263797015736e-17 0.9659258262890683
vn -0.49999999999999983 -4.286263797015736e-17 0.8660254037844387
vn -0.7071067811865475 -4.286263797015736e-17 0.7071067811865476
vn -0.8660254037844387 -4.286263797015736e-17 0.49999999999999994
vn -0.9659258262890682 -4.286263797015736e-17 0.258819045102521
vn -1.0 -4.286263797015736e-17 1.2246467991473532e-16
vn -0.9659258262890683 -4.286263797015736e-17 -0.2588190451025208
vn -0.8660254037844388 -4.286263797015736e-17 -0.4999999999999998
vn -0.7071067811865479 -4.286263797015736e-17 -0.7071067811865471
vn -0.5000000000000004 -4.286263797015736e-17 -0.8660254037844384
vn -0.25881904510252063 -4.286263797015736e-17 -0.9659258262890683
vn -1.8369701987210297e-16 -4.286263797015736e-17 -1.0
vn 0.2588190451025203 -4.286263797015736e-17 -0.9659258262890684
vn 0.5000000000000001 -4.286263797015736e-17 -0.8660254037844386
vn 0.7071067811865474 -4.286263797015736e-17 -0.7071067811865477
vn 0.8660254037844384 -4.286263797015736e-17 -0.5000000000000004
vn 0.9659258262890681 -4.286263797015736e-17 -0.25881904510252157
vn 1.0 -4.286263797015736e-17 -2.4492935982947064e-16
vn 1.0 0.10950412552816141 0.0
vn 0.9659258262890683 0.10950412552816141 0.25881904510252074
vn 0.8660254037844387 0.10950412552816141 0.49999999999999994
vn 0.7071067811865476 0.10950412552816141 0.7071067811865475
vn 0.5000000000000001 0.10950412552816141 0.8660254037844386
vn 0.25881904510252074 0.10950412552816141 0.9659258262890683
vn 6.123233995736766e-17 0.10950412552816141 1.0
vn -0.25881904510252063 0.10950412552816141 0.9659258262890683
vn -0.49999999999999983 0.10950412552816141 0.8660254037844387
vn -0.7071067811865475 0.10950412552816141 0.7071067811865476
vn -0.8660254037844387 0.10950412552816141 0.49999999999999994
vn -0.9659258262890682 0.10950412552816141 0.258819045102521
vn -1.0 0.10950412552816141 1.2246467991473532e-16
vn -0.9659258262890683 0.10950412552816141 -0.2588190451025208
vn -0.8660254037844388 0.10950412552816141 -0.4999999999999998
vn -0.7071067811865479 0.10950412552816141 -0.7071067811865471
vn -0.5000000000000004 0.10950412552816141 -0.8660254037844384
vn -0.25881904510252063 0.10950412552816141 -0.9659258262890683
vn -1.8369701987210297e-16 0.10950412552816141 -1.0
vn 0.2588190451025203 0.10950412552816141 -0.9659258262890684
vn 0.5000000000000001 0.10950412552816141 -0.8660254037844386
vn 0.7071067811865474 0.10950412552816141 -0.7071067811865477
vn 0.8660254037844384 0.10950412552816141 -0.5000000000000004
vn 0.9659258262890681 0.10950412552816141 -0.25881904510252157
vn 1.0 0.10950412552816141 -2.4492935982947064e-16
vn 1.0 0.21631189606246312 0.0
vn 0.9659258262890683 0.21631189606246312 0.25881904510252074
vn 0.8660254037844387 0.21631189606246312 0.49999999999999994
vn 0.7071067811865476 0.21631189606246312 0.7071067811865475
vn 0.5000000000000001 0.21631189606246312 0.8660254037844386
vn 0.25881904510252074 0.21631189606246312 0.9659258262890683
vn 6.123233995736766e-17 0.21631189606246312 1.0
vn -0.25881904510252063 0.21631189606246312 0.9659258262890683
vn -0.49999999999999983 0.21631189606246312 0.8660254037844387
vn -0.7071067811865475 0.21631189606246312 0.7071067811865476
vn -0.8660254037844387 0.21631189606246312 0.49999999999999994
vn -0.9659258262890682 0.21631189606246312 0.258819045102521
vn -1.0 0.21631189606246312 1.2246467991473532e-16
vn -0.9659258262890683 0.21631189606246312 -0.2588190451025208
vn -0.8660254037844388 0.21631189606246312 -0.4999999999999998
vn -0.7071067811865479 0.21631189606246312 -0.7071067811865471
vn -0.5000000000000004 0.21631189606246312 -0.8660254037844384
vn -0.25881904510252063 0.21631189606246312 -0.9659258262890683
vn -1.8369701987210297e-16 0.21631189606246312 -1.0
vn 0.2588190451025203 0.21631189606246312 -0.9659258262890684
vn 0.5000000000000001 0.21631189606246312 -0.8660254037844386
vn 0.7071067811865474 0.21631189606246312 -0.7071067811865477
vn 0.8660254037844384 0.21631189606246312 -0.5000000000000004
vn 0.9659258262890681 0.21631189606246312 -0.25881904510252157
vn 1.0 0.21631189606246312 -2.4492935982947064e-16
vn 1.0 0.3177933498176827 0.0
vn 0.9659258262890683 0.3177933498176827 0.25881904510252074
vn 0.8660254037844387 0.3177933498176827 0.49999999999999994
vn 0.7071067811865476 0.3177933498176827 0.7071067811865475
vn 0.5000000000000001 0.3177933498176827 0.8660254037844386
vn 0.25881904510252074 0.3177933498176827 0.9659258262890683
vn 6.123233995736766e-17 0.3177933498176827 1.0
vn -0.25881904510252063 0.3177933498176827 0.9659258262890683
vn -0.49999999999999983 0.3177933498176827 0.8660254037844387
vn -0.7071067811865475 0.3177933498176827 0.7071067811865476
vn -0.8660254037844387 0.3177933498176827 0.49999999999999994
vn -0.9659258262890682 0.3177933498176827 0.258819045102521
vn -1.0 0.3177933498176827 1.2246467991473532e-16
vn -0.9659258262890683 0.3177933498176827 -0.2588190451025208
vn -0.8660254037844388 0.3177933498176827 -0.4999999999999998
vn -0.7071067811865479 0.3177933498176827 -0.7071067811865471
vn -0.5000000000000004 0.3177933498176827 -0.8660254037844384
vn -0.25881904510252063 0.3177933498176827 -0.9659258262890683
vn -1.8369701987210297e-16 0.3177933498176827 -1.0
vn 0.2588190451025203 0.3177933498176827 -0.9659258262890684
vn 0.5000000000000001 0.3177933498176827 -0.8660254037844386
vn 0.7071067811865474 0.3177933498176827 -0.7071067811865477
vn 0.8660254037844384 0.3177933498176827 -0.5000000000000004
vn 0.9659258262890681 0.3177933498176827 -0.25881904510252157
vn 1.0 0.3177933498176827 -2.4492935982947064e-16
vn 1.0 0.4114496766047311 0.0
vn 0.9659258262890683 0.4114496766047311 0.25881904510252074
vn 0.8660254037844387 0.4114496766047311 0.49999999999999994
vn 0.7071067811865476 0.4114496766047311 0.7071067811865475
vn 0.5000000000000001 0.4114496766047311 0.8660254037844386
vn 0.25881904510252074 0.4114496766047311 0.9659258262890683
vn 6.123233995736766e-17 0.4114496766047311 1.0
vn -0.25881904510252063 0.4114496766047311 0.9659258262890683
vn -0.49999999999999983 0.4114496766047311 0.8660254037844387
vn -0.7071067811865475 0.4114496766047311 0.7071067811865476
vn -0.8660254037844387 0.4114496766047311 0.49999999999999994
vn -0.9659258262890682 0.4114496766047311 0.258819045102521
vn -1.0 0.4114496766047311 1.2246467991473532e-16
vn -0.9659258262890683 0.4114496766047311 -0.2588190451025208
vn -0.8660254037844388 0.4114496766047311 -0.4999999999999998
vn -0.7071067811865479 0.4114496766047311 -0.7071067811865471
vn -0.5000000000000004 0.4114496766047311 -0.8660254037844384
vn -0.25881904510252063 0.4114496766047311 -0.9659258262890683
vn -1.8369701987210297e-16 0.4114496766047311 -1.0
vn 0.2588190451025203 0.4114496766047311 -0.9659258262890684
vn 0.5000000000000001 0.4114496766047311 -0.8660254037844386
vn 0.7071067811865474 0.4114496766047311 -0.7071067811865477
vn 0.8660254037844384 0.4114496766047311 -0.5000000000000004
vn 0.9659258262890681 0.4114496766047311 -0.25881904510252157
vn 1.0 0.4114496766047311 -2.4492935982947064e-16
vn 1.0 0.4949747468305832 0.0
vn 0.9659258262890683 0.4949747468305832 0.25881904510252074
vn 0.8660254037844387 0.4949747468305832 0.49999999999999994
vn 0.7071067811865476 0.4949747468305832 0.7071067811865475
vn 0.5000000000000001 0.4949747468305832 0.8660254037844386
vn 0.25881904510252074 0.4949747468305832 0.9659258262890683
vn 6.123233995736766e-17 0.4949747468305832 1.0
vn -0.25881904510252063 0.4949747468305832 0.9659258262890683
vn -0.49999999999999983 0.4949747468305832 0.8660254037844387
vn -0.7071067811865475 0.4949747468305832 0.7071067811865476
vn -0.8660254037844387 0.4949747468305832 0.49999999999999994
vn -0.9659258262890682 0.4949747468305832 0.258819045102521
vn -1.0 0.4949747468305832 1.2246467991473532e-16
vn -0.9659258262890683 0.4949747468305832 -0.2588190451025208
vn -0.8660254037844388 0.4949747468305832 -0.4999999999999998
vn -0.7071067811865479 0.4949747468305832 -0.7071067811865471
vn -0.5000000000000004 0.4949747468305832 -0.8660254037844384
vn -0.25881904510252063 0.4949747468305832 -0.9659258262890683
vn -1.8369701987210297e-16 0.4949747468305832 -1.0
vn 0.2588190451025203 0.4949747468305832 -0.9659258262890684
vn 0.5000000000000001 0.4949747468305832 -0.8660254037844386
vn 0.7071067811865474 0.4949747468305832 -0.7071067811865477
vn 0.8660254037844384 0.4949747468305832 -0.5000000000000004
vn 0.9659258262890681 0.4949747468305832 -0.25881904510252157
vn 1.0 0.4949747468305832 -2.4492935982947064e-16
vn 1.0 0.5663118960624631 0.0
vn 0.9659258262890683 0.5663118960624631 0.25881904510252074
vn 0.8660254037844387 0.5663118960624631 0.49999999999999994
vn 0.7071067811865476 0.5663118960624631 0.7071067811865475
vn 0.5000000000000001 0.5663118960624631 0.8660254037844386
vn 0.25881904510252074 0.5663118960624631 0.9659258262890683
vn 6.123233995736766e-17 0.5663118960624631 1.0
vn -0.25881904510252063 0.5663118960624631 0.9659258262890683
vn -0.49999999999999983 0.5663118960624631 0.8660254037844387
vn -0.7071067811865475 0.5663118960624631 0.7071067811865476
vn -0.8660254037844387 0.5663118960624631 0.49999999999999994
vn -0.9659258262890682 0.5663118960624631 0.258819045102521
vn -1.0 0.5663118960624631 1.2246467991473532e-16
vn -0.9659258262890683 0.5663118960624631 -0.2588190451025208
vn -0.8660254037844388 0.5663118960624631 -0.4999999999999998
vn -0.7071067811865479 0.5663118960624631 -0.7071067811865471
vn -0.5000000000000004 0.5663118960624631 -0.8660254037844384
vn -0.25881904510252063 0.5663118960624631 -0.9659258262890683
vn -1.8369701987210297e-16 0.5663118960624631 -1.0
vn 0.2588190451025203 0.5663118960624631 -0.9659258262890684
vn 0.5000000000000001 0.5663118960624631 -0.8660254037844386
vn 0.7071067811865474 0.5663118960624631 -0.7071067811865477
vn 0.8660254037844384 0.5663118960624631 -0.5000000000000004
vn 0.9659258262890681 0.5663118960624631 -0.25881904510252157
vn 1.0 0.5663118960624631 -2.4492935982947064e-16
vn 1.0 0.6237045669318574 0.0
vn 0.9659258262890683 0.6237045669318574 0.25881904510252074
vn 0.8660254037844387 0.6237045669318574 0.49999999999999994
vn 0.7071067811865476 0.6237045669318574 0.7071067811865475
vn 0.5000000000000001 0.6237045669318574 0.8660254037844386
vn 0.25881904510252074 0.6237045669318574 0.9659258262890683
vn 6.123233995736766e-17 0.6237045669318574 1.0
vn -0.25881904510252063 0.6237045669318574 0.9659258262890683
vn -0.49999999999999983 0.6237045669318574 0.8660254037844387
vn -0.7071067811865475 0.6237045669318574 0.7071067811865476
vn -0.8660254037844387 0.6237045669318574 0.49999999999999994
vn -0.9659258262890682 0.6237045669318574 0.258819045102521
vn -1.0 0.6237045669318574 1.2246467991473532e-16
vn -0.9659258262890683 0.6237045669318574 -0.2588190451025208
vn -0.8660254037844388 0.6237045669318574 -0.4999999999999998
vn -0.7071067811865479 0.6237045669318574 -0.7071067811865471
vn -0.5000000000000004 0.6237045669318574 -0.8660254037844384
vn -0.25881904510252063 0.6237045669318574 -0.9659258262890683
vn -1.8369701987210297e-16 0.6237045669318574 -1.0
vn 0.2588190451025203 0.6237045669318574 -0.9659258262890684
vn 0.5000000000000001 0.6237045669318574 -0.8660254037844386
vn 0.7071067811865474 0.6237045669318574 -0.7071067811865477
vn 0.8660254037844384 0.6237045669318574 -0.5000000000000004
vn 0.9659258262890681 0.6237045669318574 -0.25881904510252157
vn 1.0 0.6237045669318574 -2.4492935982947064e-16
vn 1.0 0.6657395614066074 0.0
vn 0.9659258262890683 0.6657395614066074 0.25881904510252074
vn 0.8660254037844387 0.6657395614066074 0.49999999999999994
vn 0.7071067811865476 0.6657395614066074 0.7071067811865475
vn 0.5000000000000001 0.6657395614066074 0.8660254037844386
vn 0.25881904510252074 0.6657395614066074 0.9659258262890683
vn 6.123233995736766e-17 0.6657395614066074 1.0
vn -0.25881904510252063 0.6657395614066074 0.9659258262890683
vn -0.49999999999999983 0.6657395614066074 0.8660254037844387
vn -0.7071067811865475 0.6657395614066074 0.7071067811865476
vn -0.8660254037844387 0.6657395614066074 0.49999999999999994
vn -0.9659258262890682 0.6657395614066074 0.258819045102521
vn -1.0 0.6657395614066074 1.2246467991473532e-16
vn -0.9659258262890683 0.6657395614066074 -0.2588190451025208
vn -0.8660254037844388 0.6657395614066074 -0.4999999999999998
vn -0.7071067811865479 0.6657395614066074 -0.7071067811865471
vn -0.5000000000000004 0.6657395614066074 -0.8660254037844384
vn -0.25881904510252063 0.6657395614066074 -0.9659258262890683
vn -1.8369701987210297e-16 0.6657395614066074 -1.0
vn 0.2588190451025203 0.6657395614066074 -0.9659258262890684
vn 0.5000000000000001 0.6657395614066074 -0.8660254037844386
vn 0.7071067811865474 0.6657395614066074 -0.7071067811865477
vn 0.8660254037844384 0.6657395614066074 -0.5000000000000004
vn 0.9659258262890681 0.6657395614066074 -0.25881904510252157
vn 1.0 0.6657395614066074 -2.4492935982947064e-16
vn 1.0 0.6913818384165963 0.0
vn 0.9659258262890683 0.6913818384165963 0.25881904510252074
vn 0.8660254037844387 0.6913818384165963 0.49999999999999994
vn 0.7071067811865476 0.6913818384165963 0.7071067811865475
vn 0.5000000000000001 0.6913818384165963 0.8660254037844386
vn 0.25881904510252074 0.6913818384165963 0.9659258262890683
vn 6.123233995736766e-17 0.6913818384165963 1.0
vn -0.25881904510252063 0.6913818384165963 0.9659258262890683
vn -0.49999999999999983 0.6913818384165963 0.8660254037844387
vn -0.7071067811865475 0.6913818384165963 0.7071067811865476
vn -0.8660254037844387 0.6913818384165963 0.49999999999999994
vn -0.9659258262890682 0.6913818384165963 0.258819045102521
vn -1.0 0.6913818384165963 1.2246467991473532e-16
vn -0.9659258262890683 0.6913818384165963 -0.2588190451025208
vn -0.8660254037844388 0.6913818384165963 -0.4999999999999998
vn -0.7071067811865479 0.6913818384165963 -0.7071067811865471
vn -0.5000000000000004 0.6913818384165963 -0.8660254037844384
vn -0.25881904510252063 0.6913818384165963 -0.9659258262890683
vn -1.8369701987210297e-16 0.6913818384165963 -1.0
vn 0.2588190451025203 0.6913818384165963 -0.9659258262890684
vn 0.5000000000000001 0.6913818384165963 -0.8660254037844386
vn 0.7071067811865474 0.6913818384165963 -0.7071067811865477
vn 0.8660254037844384 0.6913818384165963 -0.5000000000000004
vn 0.9659258262890681 0.6913818384165963 -0.25881904510252157
vn 1.0 0.6913818384165963 -2.4492935982947064e-16
vn 1.0 0.7 0.0
vn 0.9659258262890683 0.7 0.25881904510252074
vn 0.8660254037844387 0.7 0.49999999999999994
vn 0.7071067811865476 0.7 0.7071067811865475
vn 0.5000000000000001 0.7 0.8660254037844386
vn 0.25881904510252074 0.7 0.9659258262890683
vn 6.123233995736766e-17 0.7 1.0
vn -0.25881904510252063 0.7 0.9659258262890683
vn -0.49999999999999983 0.7 0.8660254037844387
vn -0.7071067811865475 0.7 0.7071067811865476
vn -0.8660254037844387 0.7 0.49999999999999994
vn -0.9659258262890682 0.7 0.258819045102521
vn -1.0 0.7 1.2246467991473532e-16
vn -0.9659258262890683 0.7 -0.2588190451025208
vn -0.8660254037844388 0.7 -0.4999999999999998
vn -0.7071067811865479 0.7 -0.7071067811865471
vn -0.5000000000000004 0.7 -0.8660254037844384
vn -0.25881904510252063 0.7 -0.9659258262890683
vn -1.8369701987210297e-16 0.7 -1.0
vn 0.2588190451025203 0.7 -0.9659258262890684
vn 0.5000000000000001 0.7 -0.8660254037844386
vn 0.7071067811865474 0.7 -0.7071067811865477
vn 0.8660254037844384 0.7 -0.5000000000000004
vn 0.9659258262890681 0.7 -0.25881904510252157
vn 1.0 0.7 -2.4492935982947064e-16
vn 0.4 0.8 0.0
vn 0.4 0.8 0.0
vn 0.4 0.8 0.0
vn 0.4 0.8 0.0
vn 0.4 0.8 0.0
vn 0.4 0.8 0.0
vn 0.4 0.8 0.0
vn 0.4 0.8 0.0
vn 0.4 0.8 0.0
vn 0.4 0.8 0.0
vn -0.29494667856964635 0.8 0.27019707030375767
vn -0.29494667856964635 0.8 0.27019707030375767
vn -0.29494667856964635 0.8 0.27019707030375767
vn -0.29494667856964635 0.8 0.27019707030375767
vn -0.29494667856964635 0.8 0.27019707030375767
vn -0.29494667856964635 0.8 0.27019707030375767
vn -0.29494667856964635 0.8 0.27019707030375767
vn -0.29494667856964635 0.8 0.27019707030375767
vn -0.29494667856964635 0.8 0.27019707030375767
vn -0.29494667856964635 0.8 0.27019707030375767
vn 0.034967715996331264 0.8 -0.3984686422267127
vn 0.034967715996331264 0.8 -0.3984686422267127
vn 0.034967715996331264 0.8 -0.3984686422267127
vn 0.034967715996331264 0.8 -0.3984686422267127
vn 0.034967715996331264 0.8 -0.3984686422267127
vn 0.034967715996331264 0.8 -0.3984686422267127
vn 0.034967715996331264 0.8 -0.3984686422267127
vn 0.034967715996331264 0.8 -0.3984686422267127
vn 0.034967715996331264 0.8 -0.3984686422267127
vn 0.034967715996331264 0.8 -0.3984686422267127
vn 0.2433786201182233 0.8 0.3174379423908704
vn 0.2433786201182233 0.8 0.3174379423908704
vn 0.2433786201182233 0.8 0.3174379423908704
vn 0.2433786201182233 0.8 0.3174379423908704
vn 0.2433786201182233 0.8 0.3174379423908704
vn 0.2433786201182233 0.8 0.3174379423908704
vn 0.2433786201182233 0.8 0.3174379423908704
vn 0.2433786201182233 0.8 0.3174379423908704
vn 0.2433786201182233 0.8 0.3174379423908704
vn 0.2433786201182233 0.8 0.3174379423908704
vn -0.39388629418999965 0.8 -0.06966769157413709
vn -0.39388629418999965 0.8 -0.06966769157413709
vn -0.39388629418999965 0.8 -0.06966769157413709
vn -0.39388629418999965 0.8 -0.06966769157413709
vn -0.39388629418999965 0.8 -0.06966769157413709
vn -0.39388629418999965 0.8 -0.06966769157413709
vn -0.39388629418999965 0.8 -0.06966769157413709
vn -0.39388629418999965 0.8 -0.06966769157413709
vn -0.39388629418999965 0.8 -0.06966769157413709
vn -0.39388629418999965 0.8 -0.06966769157413709
vn 0.33749865090901143 0.8 -0.21469667122383906
vn 0.33749865090901143 0.8 -0.21469667122383906
vn 0.33749865090901143 0.8 -0.21469667122383906
vn 0.33749865090901143 0.8 -0.21469667122383906
vn 0.33749865090901143 0.8 -0.21469667122383906
vn 0.33749865090901143 0.8 -0.21469667122383906
vn 0.33749865090901143 0.8 -0.21469667122383906
vn 0.33749865090901143 0.8 -0.21469667122383906
vn 0.33749865090901143 0.8 -0.21469667122383906
vn 0.33749865090901143 0.8 -0.21469667122383906
vn -0.10383423634674771 0.8 0.3862880419612905
vn -0.10383423634674771 0.8 0.3862880419612905
vn -0.10383423634674771 0.8 0.3862880419612905
vn -0.10383423634674771 0.8 0.3862880419612905
vn -0.10383423634674771 0.8 0.3862880419612905
vn -0.10383423634674771 0.8 0.3862880419612905
vn -0.10383423634674771 0.8 0.3862880419612905
vn -0.10383423634674771 0.8 0.3862880419612905
vn -0.10383423634674771 0.8 0.3862880419612905
vn -0.10383423634674771 0.8 0.3862880419612905
vn -0.18437083524756703 0.8 -0.35497520351443496
vn -0.18437083524756703 0.8 -0.35497520351443496
vn -0.18437083524756703 0.8 -0.35497520351443496
vn -0.18437083524756703 0.8 -0.35497520351443496
vn -0.18437083524756703 0.8 -0.35497520351443496
vn -0.18437083524756703 0.8 -0.35497520351443496
vn -0.18437083524756703 0.8 -0.35497520351443496
vn -0.18437083524756703 0.8 -0.35497520351443496
vn -0.18437083524756703 0.8 -0.35497520351443496
vn -0.18437083524756703 0.8 -0.35497520351443496
vn 0.37573206375365453 0.8 0.13720574429454357
vn 0.37573206375365453 0.8 0.13720574429454357
vn 0.37573206375365453 0.8 0.13720574429454357
vn 0.37573206375365453 0.8 0.13720574429454357
vn 0.37573206375365453 0.8 0.13720574429454357
vn 0.37573206375365453 0.8 0.13720574429454357
vn 0.37573206375365453 0.8 0.13720574429454357
vn 0.37573206375365453 0.8 0.13720574429454357
vn 0.37573206375365453 0.8 0.13720574429454357
vn 0.37573206375365453 0.8 0.13720574429454357
vn -0.36973378593372797 0.8 0.1526333107126758
vn -0.36973378593372797 0.8 0.1526333107126758
vn -0.36973378593372797 0.8 0.1526333107126758
vn -0.36973378593372797 0.8 0.1526333107126758
vn -0.36973378593372797 0.8 0.1526333107126758
vn -0.36973378593372797 0.8 0.1526333107126758
vn -0.36973378593372797 0.8 0.1526333107126758
vn -0.36973378593372797 0.8 0.1526333107126758
vn -0.36973378593372797 0.8 0.1526333107126758
vn -0.36973378593372797 0.8 0.1526333107126758
vn 0.16952669682701382 0.8 -0.3622991844635063
vn 0.16952669682701382 0.8 -0.3622991844635063
vn 0.16952669682701382 0.8 -0.3622991844635063
vn 0.16952669682701382 0.8 -0.3622991844635063
vn 0.16952669682701382 0.8 -0.3622991844635063
vn 0.16952669682701382 0.8 -0.3622991844635063
vn 0.16952669682701382 0.8 -0.3622991844635063
vn 0.16952669682701382 0.8 -0.3622991844635063
vn 0.16952669682701382 0.8 -0.3622991844635063
vn 0.16952669682701382 0.8 -0.3622991844635063
vn 0.11972710514367235 0.8 0.38166139481733813
vn 0.11972710514367235 0.8 0.38166139481733813
vn 0.11972710514367235 0.8 0.38166139481733813
vn 0.11972710514367235 0.8 0.38166139481733813
vn 0.11972710514367235 0.8 0.38166139481733813
vn 0.11972710514367235 0.8 0.38166139481733813
vn 0.11972710514367235 0.8 0.38166139481733813
vn 0.11972710514367235 0.8 0.38166139481733813
vn 0.11972710514367235 0.8 0.38166139481733813
vn 0.11972710514367235 0.8 0.38166139481733813
vn -0.34609225681143874 0.8 -0.20054961923465517
vn -0.34609225681143874 0.8 -0.20054961923465517
vn -0.34609225681143874 0.8 -0.20054961923465517
vn -0.34609225681143874 0.8 -0.20054961923465517
vn -0.34609225681143874 0.8 -0.20054961923465517
vn -0.34609225681143874 0.8 -0.20054961923465517
vn -0.34609225681143874 0.8 -0.20054961923465517
vn -0.34609225681143874 0.8 -0.20054961923465517
vn -0.34609225681143874 0.8 -0.20054961923465517
vn -0.34609225681143874 0.8 -0.20054961923465517
vn 0.3906667029823621 0.8 -0.08590417440899413
vn 0.3906667029823621 0.8 -0.08590417440899413
vn 0.3906667029823621 0.8 -0.08590417440899413
vn 0.3906667029823621 0.8 -0.08590417440899413
vn 0.3906667029823621 0.8 -0.08590417440899413
vn 0.3906667029823621 0.8 -0.08590417440899413
vn 0.3906667029823621 0.8 -0.08590417440899413
vn 0.3906667029823621 0.8 -0.08590417440899413
vn 0.3906667029823621 0.8 -0.08590417440899413
vn 0.3906667029823621 0.8 -0.08590417440899413
f 1/1/1 26/26/26 2/2/2
f 2/2/2 26/26/26 27/27/27
f 2/2/2 27/27/27 3/3/3
f 3/3/3 27/27/27 28/28/28
f 3/3/3 28/28/28 4/4/4
f 4/4/4 28/28/28 29/29/29
f 4/4/4 29/29/29 5/5/5
f 5/5/5 29/29/29 30/30/30
f 5/5/5 30/30/30 6/6/6
f 6/6/6 30/30/30 31/31/31
f 6/6/6 31/31/31 7/7/7
f 7/7/7 31/31/31 32/32/32
f 7/7/7 32/32/32 8/8/8
f 8/8/8 32/32/32 33/33/33
f 8/8/8 33/33/33 9/9/9
f 9/9/9 33/33/33 34/34/34
f 9/9/9 34/34/34 10/10/10
f 10/10/10 34/34/34 35/35/35
f 10/10/10 35/35/35 11/11/11
f 11/11/11 35/35/35 36/36/36
f 11/11/11 36/36/36 12/12/12
f 12/12/12 36/36/36 37/37/37
f 12/12/12 37/37/37 13/13/13
f 13/13/13 37/37/37 38/38/38
f 13/13/13 38/38/38 14/14/14
f 14/14/14 38/38/38 39/39/39
f 14/14/14 39/39/39 15/15/15
f 15/15/15 39/39/39 40/40/40
f 15/15/15 40/40/40 16/16/16
f 16/16/16 40/40/40 41/41/41
f 16/16/16 41/41/41 17/17/17
f 17/17/17 41/41/41 42/42/42
f 17/17/17 42/42/42 18/18/18
f 18/18/18 42/42/42 43/43/43
f 18/18/18 43/43/43 19/19/19
f 19/19/19 43/43/43 44/44/44
f 19/19/19 44/44/44 20/20/20
f 20/20/20 44/44/44 45/45/45
f 20/20/20 45/45/45 21/21/21
f 21/21/21 45/45/45 46/46/46
f 21/21/21 46/46/46 22/22/22
f 22/22/22 46/46/46 47/47/47
f 22/22/22 47/47/47 23/23/23
f 23/23/23 47/47/47 48/48/48
f 23/23/23 48/48/48 24/24/24
f 24/24/24 48/48/48 49/49/49
f 24/24/24 49/49/49 25/25/25
f 25/25/25 49/49/49 50/50/50
f 26/26/26 51/51/51 27/27/27
f 27/27/27 51/51/51 52/52/52
f 27/27/27 52/52/52 28/28/28
f 28/28/28 52/52/52 53/53/53
f 28/28/28 53/53/53 29/29/29
f 29/29/29 53/53/53 54/54/54
f 29/29/29 54/54/54 30/30/30
f 30/30/30 54/54/54 55/55/55
f 30/30/30 55/55/55 31/31/31
f 31/31/31 55/55/55 56/56/56
f 31/31/31 56/56/56 32/32/32
f 32/32/32 56/56/56 57/57/57
f 32/32/32 57/57/57 33/33/33
f 33/33/33 57/57/57 58/58/58
f 33/33/33 58/58/58 34/34/34
f 34/34/34 58/58/58 59/59/59
f 34/34/34 59/59/59 35/35/35
f 35/35/35 59/59/59 60/60/60
f 35/35/35 60/60/60 36/36/36
f 36/36/36 60/60/60 61/61/61
f 36/36/36 61/61/61 37/37/37
f 37/37/37 61/61/61 62/62/62
f 37/37/37 62/62/62 38/38/38
f 38/38/38 62/62/62 63/63/63
f 38/38/38 63/63/63 39/39/39
f 39/39/39 63/63/63 64/64/64
f 39/39/39 64/64/64 40/40/40
f 40/40/40 64/64/64 65/65/65
f 40/40/40 65/65/65 41/41/41
f 41/41/41 65/65/65 66/66/66
f 41/41/41 66/66/66 42/42/42
f 42/42/42 66/66/66 67/67/67
f 42/42/42 67/67/67 43/43/43
f 43/43/43 67/67/67 68/68/68
f 43/43/43 68/68/68 44/44/44
f 44/44/44 68/68/68 69/69/69
f 44/44/44 69/69/69 45/45/45
f 45/45/45 69/69/69 70/70/70
f 45/45/45 70/70/70 46/46/46
f 46/46/46 70/70/70 71/71/71
f 46/46/46 71/71/71 47/47/47
f 47/47/47 71/71/71 72/72/72
f 47/47/47 72/72/72 48/48/48
f 48/48/48 72/72/72 73/73/73
f 48/48/48 73/73/73 49/49/49
f 49/49/49 73/73/73 74/74/74
f 49/49/49 74/74/74 50/50/50
f 50/50/50 74/74/74 75/75/75
f 51/51/51 76/76/76 52/52/52
f 52/52/52 76/76/76 77/77/77
f 52/52/52 77/77/77 53/53/53
f 53/53/53 77/77/77 78/78/78
f 53/53/53 78/78/78 54/54/54
f 54/54/54 78/78/78 79/79/79
f 54/54/54 79/79/79 55/55/55
f 55/55/55 79/79/79 80/80/80
f 55/55/55 80/80/80 56/56/56
f 56/56/56 80/80/80 81/81/81
f 56/56/56 81/81/81 57/57/57
f 57/57/57 81/81/81 82/82/82
f 57/57/57 82/82/82 58/58/58
f 58/58/58 82/82/82 83/83/83
f 58/58/58 83/83/83 59/59/59
f 59/59/59 83/83/83 84/84/84
f 59/59/59 84/84/84 60/60/60
f 60/60/60 84/84/84 85/85/85
f 60/60/60 85/85/85 61/61/61
f 61/61/61 85/85/85 86/86/86
f 61/61/61 86/86/86 62/62/62
f 62/62/62 86/86/86 87/87/87
f 62/62/62 87/87/87 63/63/63
f 63/63/63 87/87/87 88/88/88
f 63/63/63 88/88/88 64/64/64
f 64/64/64 88/88/88 89/89/89
f 64/64/64 89/89/89 65/65/65
f 65/65/65 89/89/89 90/90/90
f 65/65/65 90/90/90 66/66/66
f 66/66/66 90/90/90 91/91/91
f 66/66/66 91/91/91 67/67/67
f 67/67/67 91/91/91 92/92/92
f 67/67/67 92/92/92 68/68/68
f 68/68/68 92/92/92 93/93/93
f 68/68/68 93/93/93 69/69/69
f 69/69/69 93/93/93 94/94/94
f 69/69/69 94/94/94 70/70/70
f 70/70/70 94/94/94 95/95/95
f 70/70/70 95/95/95 71/71/71
f 71/71/71 95/95/95 96/96/96
f 71/71/71 96/96/96 72/72/72
f 72/72/72 96/96/96 97/97/97
f 72/72/72 97/97/97 73/73/73
f 73/73/73 97/97/97 98/98/98
f 73/73/73 98/98/98 74/74/74
f 74/74/74 98/98/98 99/99/99
f 74/74/74 99/99/99 75/75/75
f 75/75/75 99/99/99 100/100/100
f 76/76/76 101/101/101 77/77/77
f 77/77/77 101/101/101 102/102/102
f 77/77/77 102/102/102 78/78/78
f 78/78/78 102/102/102 103/103/103
f 78/78/78 103/103/103 79/79/79
f 79/79/79 103/103/103 104/104/104
f 79/79/79 104/104/104 80/80/80
f 80/80/80 104/104/104 105/105/105
f 80/80/80 105/105/105 81/81/81
f 81/81/81 105/105/105 106/106/106
f 81/81/81 106/106/106 82/82/82
f 82/82/82 106/106/106 107/107/107
f 82/82/82 107/107/107 83/83/83
f 83/83/83 107/107/107 108/108/108
f 83/83/83 108/108/108 84/84/84
f 84/84/84 108/108/108 109/109/109
f 84/84/84 109/109/109 85/85/85
f 85/85/85 109/109/109 110/110/110
f 85/85/85 110/110/110 86/86/86
f 86/86/86 110/110/110 111/111/111
f 86/86/86 111/111/111 87/87/87
f 87/87/87 111/111/111 112/112/112
f 87/87/87 112/112/112 88/88/88
f 88/88/88 112/112/112 113/113/113
f 88/88/88 113/113/113 89/89/89
f 89/89/89 113/113/113 114/114/114
f 89/89/89 114/114/114 90/90/90
f 90/90/90 114/114/114 115/115/115
f 90/90/90 115/115/115 91/91/91
f 91/91/91 115/115/115 116/116/116
f 91/91/91 116/116/116 92/92/92
f 92/92/92 116/116/116 117/117/117
f 92/92/92 117/117/117 93/93/93
f 93/93/93 117/117/117 118/118/118
f 93/93/93 118/118/118 94/94/94
f 94/94/94 118/118/118 119/119/119
f 94/94/94 119/119/119 95/95/95
f 95/95/95 119/119/119 120/120/120
f 95/95/95 120/120/120 96/96/96
f 96/96/96 120/120/120 121/121/121
f 96/96/96 121/121/121 97/97/97
f 97/97/97 121/121/121 122/122/122
f 97/97/97 122/122/122 98/98/98
f 98/98/98 122/122/122 123/123/123
f 98/98/98 123/123/123 99/99/99
f 99/99/99 123/123/123 124/124/124
f 99/99/99 124/124/124 100/100/100
f 100/100/100 124/124/124 125/125/125
f 101/101/101 126/126/126 102/102/102
f 102/102/102 126/126/126 127/127/127
f 102/102/102 127/127/127 103/103/103
f 103/103/103 127/127/127 128/128/128
f 103/103/103 128/128/128 104/104/104
f 104/104/104 128/128/128 129/129/129
f 104/104/104 129/129/129 105/105/105
f 105/105/105 129/129/129 130/130/130
f 105/105/105 130/130/130 106/106/106
f 106/106/106 130/130/130 131/131/131
f 106/106/106 131/131/131 107/107/107
f 107/107/107 131/131/131 132/132/132
f 107/107/107 132/132/132 108/108/108
f 108/108/108 132/132/132 133/133/133
f 108/108/108 133/133/133 109/109/109
f 109/109/109 133/133/133 134/134/134
f 109/109/109 134/134/134 110/110/110
f 110/110/110 134/134/134 135/135/135
f 110/110/110 135/135/135 111/111/111
f 111/111/111 135/135/135 136/136/136
f 111/111/111 136/136/136 112/112/112
f 112/112/112 136/136/136 137/137/137
f 112/112/112 137/137/137 113/113/113
f 113/113/113 137/137/137 138/138/138
f 113/113/113 138/138/138 114/114/114
f 114/114/114 138/138/138 139/139/139
f 114/114/114 139/139/139 115/115/115
f 115/115/115 139/139/139 140/140/140
f 115/115/115 140/140/140 116/116/116
f 116/116/116 140/140/140 141/141/141
f 116/116/116 141/141/141 117/117/117
f 117/117/117 141/141/141 142/142/142
f 117/117/117 142/142/142 118/118/118
f 118/118/118 142/142/142 143/143/143
f 118/118/118 143/143/143 119/119/119
f 119/119/119 143/143/143 144/144/144
f 119/119/119 144/144/144 120/120/120
f 120/120/120 144/144/144 145/145/145
f 120/120/120 145/145/145 121/121/121
f 121/121/121 145/145/145 146/146/146
f 121/121/121 146/146/146 122/122/122
f 122/122/122 146/146/146 147/147/147
f 122/122/122 147/147/147 123/123/123
f 123/123/123 147/147/147 148/148/148
f 123/123/123 148/148/148 124/124/124
f 124/124/124 148/148/148 149/149/149
f 124/124/124 149/149/149 125/125/125
f 125/125/125 149/149/149 150/150/150
f 126/126/126 151/151/151 127/127/127
f 127/127/127 151/151/151 152/152/152
f 127/127/127 152/152/152 128/128/128
f 128/128/128 152/152/152 153/153/153
f 128/128/128 153/153/153 129/129/129
f 129/129/129 153/153/153 154/154/154
f 129/129/129 154/154/154 130/130/130
f 130/130/130 154/154/154 155/155/155
f 130/130/130 155/155/155 131/131/131
f 131/131/131 155/155/155 156/156/156
f 131/131/131 156/156/156 132/132/132
f 132/132/132 156/156/156 157/157/157
f 132/132/132 157/157/157 133/133/133
f 133/133/133 157/157/157 158/158/158
f 133/133/133 158/158/158 134/134/134
f 134/134/134 158/158/158 159/159/159
f 134/134/134 159/159/159 135/135/135
f 135/135/135 159/159/159 160/160/160
f 135/135/135 160/160/160 136/136/136
f 136/136/136 160/160/160 161/161/161
f 136/136/136 161/161/161 137/137/137
f 137/137/137 161/161/161 162/162/162
f 137/137/137 162/162/162 138/138/138
f 138/138/138 162/162/162 163/163/163
f 138/138/138 163/163/163 139/139/139
f 139/139/139 163/163/163 164/164/164
f 139/139/139 164/164/164 140/140/140
f 140/140/140 164/164/164 165/165/165
f 140/140/140 165/165/165 141/141/141
f 141/141/141 165/165/165 166/166/166
f 141/141/141 166/166/166 142/142/142
f 142/142/142 166/166/166 167/167/167
f 142/142/142 167/167/167 143/143/143
f 143/143/143 167/167/167 168/168/168
f 143/143/143 168/168/168 144/144/144
f 144/144/144 168/168/168 169/169/169
f 144/144/144 169/169/169 145/145/145
f 145/145/145 169/169/169 170/170/170
f 145/145/145 170/170/170 146/146/146
f 146/146/146 170/170/170 171/171/171
f 146/146/146 171/171/171 147/147/147
f 147/147/147 171/171/171 172/172/172
f 147/147/147 172/172/172 148/148/148
f 148/148/148 172/172/172 173/173/173
f 148/148/148 173/173/173 149/149/149
f 149/149/149 173/173/173 174/174/174
f 149/149/149 174/174/174 150/150/150
f 150/150/150 174/174/174 175/175/175
f 151/151/151 176/176/176 152/152/152
f 152/152/152 176/176/176 177/177/177
f 152/152/152 177/177/177 153/153/153
f 153/153/153 177/177/177 178/178/178
f 153/153/153 178/178/178 154/154/154
f 154/154/154 178/178/178 179/179/179
f 154/154/154 179/179/179 155/155/155
f 155/155/155 179/179/179 180/180/180
f 155/155/155 180/180/180 156/156/156
f 156/156/156 180/180/180 181/181/181
f 156/156/156 181/181/181 157/157/157
f 157/157/157 181/181/181 182/182/182
f 157/157/157 182/182/182 158/158/158
f 158/158/158 182/182/182 183/183/183
f 158/158/158 183/183/183 159/159/159
f 159/159/159 183/183/183 184/184/184
f 159/159/159 184/184/184 160/160/160
f 160/160/160 184/184/184 185/185/185
f 160/160/160 185/185/185 161/161/161
f 161/161/161 185/185/185 186/186/186
f 161/161/161 186/186/186 162/162/162
f 162/162/162 186/186/186 187/187/187
f 162/162/162 187/187/187 163/163/163
f 163/163/163 187/187/187 188/188/188
f 163/163/163 188/188/188 164/164/164
f 164/164/164 188/188/188 189/189/189
f 164/164/164 189/189/189 165/165/165
f 165/165/165 189/189/189 190/190/190
f 165/165/165 190/190/190 166/166/166
f 166/166/166 190/190/190 191/191/191
f 166/166/166 191/191/191 167/167/167
f 167/167/167 191/191/191 192/192/192
f 167/167/167 192/192/192 168/168/168
f 168/168/168 192/192/192 193/193/193
f 168/168/168 193/193/193 169/169/169
f 169/169/169 193/193/193 194/194/194
f 169/169/169 194/194/194 170/170/170
f 170/170/170 194/194/194 195/195/195
f 170/170/170 195/195/195 171/171/171
f 171/171/171 195/195/195 196/196/196
f 171/171/171 196/196/196 172/172/172
f 172/172/172 196/196/196 197/197/197
f 172/172/172 197/197/197 173/173/173
f 173/173/173 197/197/197 198/198/198
f 173/173/173 198/198/198 174/174/174
f 174/174/174 198/198/198 199/199/199
f 174/174/174 199/199/199 175/175/175
f 175/175/175 199/199/199 200/200/200
f 176/176/176 201/201/201 177/177/177
f 177/177/177 201/201/201 202/202/202
f 177/177/177 202/202/202 178/178/178
f 178/178/178 202/202/202 203/203/203
f 178/178/178 203/203/203 179/179/179
f 179/179/179 203/203/203 204/204/204
f 179/179/179 204/204/204 180/180/180
f 180/180/180 204/204/204 205/205/205
f 180/180/180 205/205/205 181/181/181
f 181/181/181 205/205/205 206/206/206
f 181/181/181 206/206/206 182/182/182
f 182/182/182 206/206/206 207/207/207
f 182/182/182 207/207/207 183/183/183
f 183/183/183 207/207/207 208/208/208
f 183/183/183 208/208/208 184/184/184
f 184/184/184 208/208/208 209/209/209
f 184/184/184 209/209/209 185/185/185
f 185/185/185 209/209/209 210/210/210
f 185/185/185 210/210/210 186/186/186
f 186/186/186 210/210/210 211/211/211
f 186/186/186 211/211/211 187/187/187
f 187/187/187 211/211/211 212/212/212
f 187/187/187 212/212/212 188/188/188
f 188/188/188 212/212/212 213/213/213
f 188/188/188 213/213/213 189/189/189
f 189/189/189 213/213/213 214/214/214
f 189/189/189 214/214/214 190/190/190
f 190/190/190 214/214/214 215/215/215
f 190/190/190 215/215/215 191/191/191
f 191/191/191 215/215/215 216/216/216
f 191/191/191 216/216/216 192/192/192
f 192/192/192 216/216/216 217/217/217
f 192/192/192 217/217/217 193/193/193
f 193/193/193 217/217/217 218/218/218
f 193/193/193 218/218/218 194/194/194
f 194/194/194 218/218/218 219/219/219
f 194/194/194 219/219/219 195/195/195
f 195/195/195 219/219/219 220/220/220
f 195/195/195 220/220/220 196/196/196
f 196/196/196 220/220/220 221/221/221
f 196/196/196 221/221/221 197/197/197
f 197/197/197 221/221/221 222/222/222
f 197/197/197 222/222/222 198/198/198
f 198/198/198 222/222/222 223/223/223
f 198/198/198 223/223/223 199/199/199
f 199/199/199 223/223/223 224/224/224
f 199/199/199 224/224/224 200/200/200
f 200/200/200 224/224/224 225/225/225
f 201/201/201 226/226/226 202/202/202
f 202/202/202 226/226/226 227/227/227
f 202/202/202 227/227/227 203/203/203
f 203/203/203 227/227/227 228/228/228
f 203/203/203 228/228/228 204/204/204
f 204/204/204 228/228/228 229/229/229
f 204/204/204 229/229/229 205/205/205
f 205/205/205 229/229/229 230/230/230
f 205/205/205 230/230/230 206/206/206
f 206/206/206 230/230/230 231/231/231
f 206/206/206 231/231/231 207/207/207
f 207/207/207 231/231/231 232/232/232
f 207/207/207 232/232/232 208/208/208
f 208/208/208 232/232/232 233/233/233
f 208/208/208 233/233/233 209/209/209
f 209/209/209 233/233/233 234/234/234
f 209/209/209 234/234/234 210/210/210
f 210/210/210 234/234/234 235/235/235
f 210/210/210 235/235/235 211/211/211
f 211/211/211 235/235/235 236/236/236
f 211/211/211 236/236/236 212/212/212
f 212/212/212 236/236/236 237/237/237
f 212/212/212 237/237/237 213/213/213
f 213/213/213 237/237/237 238/238/238
f 213/213/213 238/238/238 214/214/214
f 214/214/214 238/238/238 239/239/239
f 214/214/214 239/239/239 215/215/215
f 215/215/215 239/239/239 240/240/240
f 215/215/215 240/240/240 216/216/216
f 216/216/216 240/240/240 241/241/241
f 216/216/216 241/241/241 217/217/217
f 217/217/217 241/241/241 242/242/242
f 217/217/217 242/242/242 218/218/218
f 218/218/218 242/242/242 243/243/243
f 218/218/218 243/243/243 219/219/219
f 219/219/219 243/243/243 244/244/244
f 219/219/219 244/244/244 220/220/220
f 220/220/220 244/244/244 245/245/245
f 220/220/220 245/245/245 221/221/221
f 221/221/221 245/245/245 246/246/246
f 221/221/221 246/246/246 222/222/222
f 222/222/222 246/246/246 247/247/247
f 222/222/222 247/247/247 223/223/223
f 223/223/223 247/247/247 248/248/248
f 223/223/223 248/248/248 224/224/224
f 224/224/224 248/248/248 249/249/249
f 224/224/224 249/249/249 225/225/225
f 225/225/225 249/249/249 250/250/250
f 226/226/226 251/251/251 227/227/227
f 227/227/227 251/251/251 252/252/252
f 227/227/227 252/252/252 228/228/228
f 228/228/228 252/252/252 253/253/253
f 228/228/228 253/253/253 229/229/229
f 229/229/229 253/253/253 254/254/254
f 229/229/229 254/254/254 230/230/230
f 230/230/230 254/254/254 255/255/255
f 230/230/230 255/255/255 231/231/231
f 231/231/231 255/255/255 256/256/256
f 231/231/231 256/256/256 232/232/232
f 232/232/232 256/256/256 257/257/257
f 232/232/232 257/257/257 233/233/233
f 233/233/233 257/257/257 258/258/258
f 233/233/233 258/258/258 234/234/234
f 234/234/234 258/258/258 259/259/259
f 234/234/234 259/259/259 235/235/235
f 235/235/235 259/259/259 260/260/260
f 235/235/235 260/260/260 236/236/236
f 236/236/236 260/260/260 261/261/261
f 236/236/236 261/261/261 237/237/237
f 237/237/237 261/261/261 262/262/262
f 237/237/237 262/262/262 238/238/238
f 238/238/238 262/262/262 263/263/263
f 238/238/238 263/263/263 239/239/239
f 239/239/239 263/263/263 264/264/264
f 239/239/239 264/264/264 240/240/240
f 240/240/240 264/264/264 265/265/265
f 240/240/240 265/265/265 241/241/241
f 241/241/241 265/265/265 266/266/266
f 241/241/241 266/266/266 242/242/242
f 242/242/242 266/266/266 267/267/267
f 242/242/242 267/267/267 243/243/243
f 243/243/243 267/267/267 268/268/268
f 243/243/243 268/268/268 244/244/244
f 244/244/244 268/268/268 269/269/269
f 244/244/244 269/269/269 245/245/245
f 245/245/245 269/269/269 270/270/270
f 245/245/245 270/270/270 246/246/246
f 246/246/246 270/270/270 271/271/271
f 246/246/246 271/271/271 247/247/247
f 247/247/247 271/271/271 272/272/272
f 247/247/247 272/272/272 248/248/248
f 248/248/248 272/272/272 273/273/273
f 248/248/248 273/273/273 249/249/249
f 249/249/249 273/273/273 274/274/274
f 249/249/249 274/274/274 250/250/250
f 250/250/250 274/274/274 275/275/275
f 251/251/251 276/276/276 252/252/252
f 252/252/252 276/276/276 277/277/277
f 252/252/252 277/277/277 253/253/253
f 253/253/253 277/277/277 278/278/278
f 253/253/253 278/278/278 254/254/254
f 254/254/254 278/278/278 279/279/279
f 254/254/254 279/279/279 255/255/255
f 255/255/255 279/279/279 280/280/280
f 255/255/255 280/280/280 256/256/256
f 256/256/256 280/280/280 281/281/281
f 256/256/256 281/281/281 257/257/257
f 257/257/257 281/281/281 282/282/282
f 257/257/257 282/282/282 258/258/258
f 258/258/258 282/282/282 283/283/283
f 258/258/258 283/283/283 259/259/259
f 259/259/259 283/283/283 284/284/284
f 259/259/259 284/284/284 260/260/260
f 260/260/260 284/284/284 285/285/285
f 260/260/260 285/285/285 261/261/261
f 261/261/261 285/285/285 286/286/286
f 261/261/261 286/286/286 262/262/262
f 262/262/262 286/286/286 287/287/287
f 262/262/262 287/287/287 263/263/263
f 263/263/263 287/287/287 288/288/288
f 263/263/263 288/288/288 264/264/264
f 264/264/264 288/288/288 289/289/289
f 264/264/264 289/289/289 265/265/265
f 265/265/265 289/289/289 290/290/290
f 265/265/265 290/290/290 266/266/266
f 266/266/266 290/290/290 291/291/291
f 266/266/266 291/291/291 267/267/267
f 267/267/267 291/291/291 292/292/292
f 267/267/267 292/292/292 268/268/268
f 268/268/268 292/292/292 293/293/293
f 268/268/268 293/293/293 269/269/269
f 269/269/269 293/293/293 294/294/294
f 269/269/269 294/294/294 270/270/270
f 270/270/270 294/294/294 295/295/295
f 270/270/270 295/295/295 271/271/271
f 271/271/271 295/295/295 296/296/296
f 271/271/271 296/296/296 272/272/272
f 272/272/272 296/296/296 297/297/297
f 272/272/272 297/297/297 273/273/273
f 273/273/273 297/297/297 298/298/298
f 273/273/273 298/298/298 274/274/274
f 274/274/274 298/298/298 299/299/299
f 274/274/274 299/299/299 275/275/275
f 275/275/275 299/299/299 300/300/300
f 276/276/276 301/301/301 277/277/277
f 277/277/277 301/301/301 302/302/302
f 277/277/277 302/302/302 278/278/278
f 278/278/278 302/302/302 303/303/303
f 278/278/278 303/303/303 279/279/279
f 279/279/279 303/303/303 304/304/304
f 279/279/279 304/304/304 280/280/280
f 280/280/280 304/304/304 305/305/305
f 280/280/280 305/305/305 281/281/281
f 281/281/281 305/305/305 306/306/306
f 281/281/281 306/306/306 282/282/282
f 282/282/282 306/306/306 307/307/307
f 282/282/282 307/307/307 283/283/283
f 283/283/283 307/307/307 308/308/308
f 283/283/283 308/308/308 284/284/284
f 284/284/284 308/308/308 309/309/309
f 284/284/284 309/309/309 285/285/285
f 285/285/285 309/309/309 310/310/310
f 285/285/285 310/310/310 286/286/286
f 286/286/286 310/310/310 311/311/311
f 286/286/286 311/311/311 287/287/287
f 287/287/287 311/311/311 312/312/312
f 287/287/287 312/312/312 288/288/288
f 288/288/288 312/312/312 313/313/313
f 288/288/288 313/313/313 289/289/289
f 289/289/289 313/313/313 314/314/314
f 289/289/289 314/314/314 290/290/290
f 290/290/290 314/314/314 315/315/315
f 290/290/290 315/315/315 291/291/291
f 291/291/291 315/315/315 316/316/316
f 291/291/291 316/316/316 292/292/292
f 292/292/292 316/316/316 317/317/317
f 292/292/292 317/317/317 293/293/293
f 293/293/293 317/317/317 318/318/318
f 293/293/293 318/318/318 294/294/294
f 294/294/294 318/318/318 319/319/319
f 294/294/294 319/319/319 295/295/295
f 295/295/295 319/319/319 320/320/320
f 295/295/295 320/320/320 296/296/296
f 296/296/296 320/320/320 321/321/321
f 296/296/296 321/321/321 297/297/297
f 297/297/297 321/321/321 322/322/322
f 297/297/297 322/322/322 298/298/298
f 298/298/298 322/322/322 323/323/323
f 298/298/298 323/323/323 299/299/299
f 299/299/299 323/323/323 324/324/324
f 299/299/299 324/324/324 300/300/300
f 300/300/300 324/324/324 325/325/325
f 301/301/301 326/326/326 302/302/302
f 302/302/302 326/326/326 327/327/327
f 302/302/302 327/327/327 303/303/303
f 303/303/303 327/327/327 328/328/328
f 303/303/303 328/328/328 304/304/304
f 304/304/304 328/328/328 329/329/329
f 304/304/304 329/329/329 305/305/305
f 305/305/305 329/329/329 330/330/330
f 305/305/305 330/330/330 306/306/306
f 306/306/306 330/330/330 331/331/331
f 306/306/306 331/331/331 307/307/307
f 307/307/307 331/331/331 332/332/332
f 307/307/307 332/332/332 308/308/308
f 308/308/308 332/332/332 333/333/333
f 308/308/308 333/333/333 309/309/309
f 309/309/309 333/333/333 334/334/334
f 309/309/309 334/334/334 310/310/310
f 310/310/310 334/334/334 335/335/335
f 310/310/310 335/335/335 311/311/311
f 311/311/311 335/335/335 336/336/336
f 311/311/311 336/336/336 312/312/312
f 312/312/312 336/336/336 337/337/337
f 312/312/312 337/337/337 313/313/313
f 313/313/313 337/337/337 338/338/338
f 313/313/313 338/338/338 314/314/314
f 314/314/314 338/338/338 339/339/339
f 314/314/314 339/339/339 315/315/315
f 315/315/315 339/339/339 340/340/340
f 315/315/315 340/340/340 316/316/316
f 316/316/316 340/340/340 341/341/341
f 316/316/316 341/341/341 317/317/317
f 317/317/317 341/341/341 342/342/342
f 317/317/317 342/342/342 318/318/318
f 318/318/318 342/342/342 343/343/343
f 318/318/318 343/343/343 319/319/319
f 319/319/319 343/343/343 344/344/344
f 319/319/319 344/344/344 320/320/320
f 320/320/320 344/344/344 345/345/345
f 320/320/320 345/345/345 321/321/321
f 321/321/321 345/345/345 346/346/346
f 321/321/321 346/346/346 322/322/322
f 322/322/322 346/346/346 347/347/347
f 322/322/322 347/347/347 323/323/323
f 323/323/323 347/347/347 348/348/348
f 323/323/323 348/348/348 324/324/324
f 324/324/324 348/348/348 349/349/349
f 324/324/324 349/349/349 325/325/325
f 325/325/325 349/349/349 350/350/350
f 326/326/326 351/351/351 327/327/327
f 327/327/327 351/351/351 352/352/352
f 327/327/327 352/352/352 328/328/328
f 328/328/328 352/352/352 353/353/353
f 328/328/328 353/353/353 329/329/329
f 329/329/329 353/353/353 354/354/354
f 329/329/329 354/354/354 330/330/330
f 330/330/330 354/354/354 355/355/355
f 330/330/330 355/355/355 331/331/331
f 331/331/331 355/355/355 356/356/356
f 331/331/331 356/356/356 332/332/332
f 332/332/332 356/356/356 357/357/357
f 332/332/332 357/357/357 333/333/333
f 333/333/333 357/357/357 358/358/358
f 333/333/333 358/358/358 334/334/334
f 334/334/334 358/358/358 359/359/359
f 334/334/334 359/359/359 335/335/335
f 335/335/335 359/359/359 360/360/360
f 335/335/335 360/360/360 336/336/336
f 336/336/336 360/360/360 361/361/361
f 336/336/336 361/361/361 337/337/337
f 337/337/337 361/361/361 362/362/362
f 337/337/337 362/362/362 338/338/338
f 338/338/338 362/362/362 363/363/363
f 338/338/338 363/363/363 339/339/339
f 339/339/339 363/363/363 364/364/364
f 339/339/339 364/364/364 340/340/340
f 340/340/340 364/364/364 365/365/365
f 340/340/340 365/365/365 341/341/341
f 341/341/341 365/365/365 366/366/366
f 341/341/341 366/366/366 342/342/342
f 342/342/342 366/366/366 367/367/367
f 342/342/342 367/367/367 343/343/343
f 343/343/343 367/367/367 368/368/368
f 343/343/343 368/368/368 344/344/344
f 344/344/344 368/368/368 369/369/369
f 344/344/344 369/369/369 345/345/345
f 345/345/345 369/369/369 370/370/370
f 345/345/345 370/370/370 346/346/346
f 346/346/346 370/370/370 371/371/371
f 346/346/346 371/371/371 347/347/347
f 347/347/347 371/371/371 372/372/372
f 347/347/347 372/372/372 348/348/348
f 348/348/348 372/372/372 373/373/373
f 348/348/348 373/373/373 349/349/349
f 349/349/349 373/373/373 374/374/374
f 349/349/349 374/374/374 350/350/350
f 350/350/350 374/374/374 375/375/375
f 351/351/351 376/376/376 352/352/352
f 352/352/352 376/376/376 377/377/377
f 352/352/352 377/377/377 353/353/353
f 353/353/353 377/377/377 378/378/378
f 353/353/353 378/378/378 354/354/354
f 354/354/354 378/378/378 379/379/379
f 354/354/354 379/379/379 355/355/355
f 355/355/355 379/379/379 380/380/380
f 355/355/355 380/380/380 356/356/356
f 356/356/356 380/380/380 381/381/381
f 356/356/356 381/381/381 357/357/357
f 357/357/357 381/381/381 382/382/382
f 357/357/357 382/382/382 358/358/358
f 358/358/358 382/382/382 383/383/383
f 358/358/358 383/383/383 359/359/359
f 359/359/359 383/383/383 384/384/384
f 359/359/359 384/384/384 360/360/360
f 360/360/360 384/384/384 385/385/385
f 360/360/360 385/385/385 361/361/361
f 361/361/361 385/385/385 386/386/386
f 361/361/361 386/386/386 362/362/362
f 362/362/362 386/386/386 387/387/387
f 362/362/362 387/387/387 363/363/363
f 363/363/363 387/387/387 388/388/388
f 363/363/363 388/388/388 364/364/364
f 364/364/364 388/388/388 389/389/389
f 364/364/364 389/389/389 365/365/365
f 365/365/365 389/389/389 390/390/390
f 365/365/365 390/390/390 366/366/366
f 366/366/366 390/390/390 391/391/391
f 366/366/366 391/391/391 367/367/367
f 367/367/367 391/391/391 392/392/392
f 367/367/367 392/392/392 368/368/368
f 368/368/368 392/392/392 393/393/393
f 368/368/368 393/393/393 369/369/369
f 369/369/369 393/393/393 394/394/394
f 369/369/369 394/394/394 370/370/370
f 370/370/370 394/394/394 395/395/395
f 370/370/370 395/395/395 371/371/371
f 371/371/371 395/395/395 396/396/396
f 371/371/371 396/396/396 372/372/372
f 372/372/372 396/396/396 397/397/397
f 372/372/372 397/397/397 373/373/373
f 373/373/373 397/397/397 398/398/398
f 373/373/373 398/398/398 374/374/374
f 374/374/374 398/398/398 399/399/399
f 374/374/374 399/399/399 375/375/375
f 375/375/375 399/399/399 400/400/400
f 376/376/376 401/401/401 377/377/377
f 377/377/377 401/401/401 402/402/402
f 377/377/377 402/402/402 378/378/378
f 378/378/378 402/402/402 403/403/403
f 378/378/378 403/403/403 379/379/379
f 379/379/379 403/403/403 404/404/404
f 379/379/379 404/404/404 380/380/380
f 380/380/380 404/404/404 405/405/405
f 380/380/380 405/405/405 381/381/381
f 381/381/381 405/405/405 406/406/406
f 381/381/381 406/406/406 382/382/382
f 382/382/382 406/406/406 407/407/407
f 382/382/382 407/407/407 383/383/383
f 383/383/383 407/407/407 408/408/408
f 383/383/383 408/408/408 384/384/384
f 384/384/384 408/408/408 409/409/409
f 384/384/384 409/409/409 385/385/385
f 385/385/385 409/409/409 410/410/410
f 385/385/385 410/410/410 386/386/386
f 386/386/386 410/410/410 411/411/411
f 386/386/386 411/411/411 387/387/387
f 387/387/387 411/411/411 412/412/412
f 387/387/387 412/412/412 388/388/388
f 388/388/388 412/412/412 413/413/413
f 388/388/388 413/413/413 389/389/389
f 389/389/389 413/413/413 414/414/414
f 389/389/389 414/414/414 390/390/390
f 390/390/390 414/414/414 415/415/415
f 390/390/390 415/415/415 391/391/391
f 391/391/391 415/415/415 416/416/416
f 391/391/391 416/416/416 392/392/392
f 392/392/392 416/416/416 417/417/417
f 392/392/392 417/417/417 393/393/393
f 393/393/393 417/417/417 418/418/418
f 393/393/393 418/418/418 394/394/394
f 394/394/394 418/418/418 419/419/419
f 394/394/394 419/419/419 395/395/395
f 395/395/395 419/419/419 420/420/420
f 395/395/395 420/420/420 396/396/396
f 396/396/396 420/420/420 421/421/421
f 396/396/396 421/421/421 397/397/397
f 397/397/397 421/421/421 422/422/422
f 397/397/397 422/422/422 398/398/398
f 398/398/398 422/422/422 423/423/423
f 398/398/398 423/423/423 399/399/399
f 399/399/399 423/423/423 424/424/424
f 399/399/399 424/424/424 400/400/400
f 400/400/400 424/424/424 425/425/425
f 401/401/401 426/426/426 402/402/402
f 402/402/402 426/426/426 427/427/427
f 402/402/402 427/427/427 403/403/403
f 403/403/403 427/427/427 428/428/428
f 403/403/403 428/428/428 404/404/404
f 404/404/404 428/428/428 429/429/429
f 404/404/404 429/429/429 405/405/405
f 405/405/405 429/429/429 430/430/430
f 405/405/405 430/430/430 406/406/406
f 406/406/406 430/430/430 431/431/431
f 406/406/406 431/431/431 407/407/407
f 407/407/407 431/431/431 432/432/432
f 407/407/407 432/432/432 408/408/408
f 408/408/408 432/432/432 433/433/433
f 408/408/408 433/433/433 409/409/409
f 409/409/409 433/433/433 434/434/434
f 409/409/409 434/434/434 410/410/410
f 410/410/410 434/434/434 435/435/435
f 410/410/410 435/435/435 411/411/411
f 411/411/411 435/435/435 436/436/436
f 411/411/411 436/436/436 412/412/412
f 412/412/412 436/436/436 437/437/437
f 412/412/412 437/437/437 413/413/413
f 413/413/413 437/437/437 438/438/438
f 413/413/413 438/438/438 414/414/414
f 414/414/414 438/438/438 439/439/439
f 414/414/414 439/439/439 415/415/415
f 415/415/415 439/439/439 440/440/440
f 415/415/415 440/440/440 416/416/416
f 416/416/416 440/440/440 441/441/441
f 416/416/416 441/441/441 417/417/417
f 417/417/417 441/441/441 442/442/442
f 417/417/417 442/442/442 418/418/418
f 418/418/418 442/442/442 443/443/443
f 418/418/418 443/443/443 419/419/419
f 419/419/419 443/443/443 444/444/444
f 419/419/419 444/444/444 420/420/420
f 420/420/420 444/444/444 445/445/445
f 420/420/420 445/445/445 421/421/421
f 421/421/421 445/445/445 446/446/446
f 421/421/421 446/446/446 422/422/422
f 422/422/422 446/446/446 447/447/447
f 422/422/422 447/447/447 423/423/423
f 423/423/423 447/447/447 448/448/448
f 423/423/423 448/448/448 424/424/424
f 424/424/424 448/448/448 449/449/449
f 424/424/424 449/449/449 425/425/425
f 425/425/425 449/449/449 450/450/450
f 426/426/426 451/451/451 427/427/427
f 427/427/427 451/451/451 452/452/452
f 427/427/427 452/452/452 428/428/428
f 428/428/428 452/452/452 453/453/453
f 428/428/428 453/453/453 429/429/429
f 429/429/429 453/453/453 454/454/454
f 429/429/429 454/454/454 430/430/430
f 430/430/430 454/454/454 455/455/455
f 430/430/430 455/455/455 431/431/431
f 431/431/431 455/455/455 456/456/456
f 431/431/431 456/456/456 432/432/432
f 432/432/432 456/456/456 457/457/457
f 432/432/432 457/457/457 433/433/433
f 433/433/433 457/457/457 458/458/458
f 433/433/433 458/458/458 434/434/434
f 434/434/434 458/458/458 459/459/459
f 434/434/434 459/459/459 435/435/435
f 435/435/435 459/459/459 460/460/460
f 435/435/435 460/460/460 436/436/436
f 436/436/436 460/460/460 461/461/461
f 436/436/436 461/461/461 437/437/437
f 437/437/437 461/461/461 462/462/462
f 437/437/437 462/462/462 438/438/438
f 438/438/438 462/462/462 463/463/463
f 438/438/438 463/463/463 439/439/439
f 439/439/439 463/463/463 464/464/464
f 439/439/439 464/464/464 440/440/440
f 440/440/440 464/464/464 465/465/465
f 440/440/440 465/465/465 441/441/441
f 441/441/441 465/465/465 466/466/466
f 441/441/441 466/466/466 442/442/442
f 442/442/442 466/466/466 467/467/467
f 442/442/442 467/467/467 443/443/443
f 443/443/443 467/467/467 468/468/468
f 443/443/443 468/468/468 444/444/444
f 444/444/444 468/468/468 469/469/469
f 444/444/444 469/469/469 445/445/445
f 445/445/445 469/469/469 470/470/470
f 445/445/445 470/470/470 446/446/446
f 446/446/446 470/470/470 471/471/471
f 446/446/446 471/471/471 447/447/447
f 447/447/447 471/471/471 472/472/472
f 447/447/447 472/472/472 448/448/448
f 448/448/448 472/472/472 473/473/473
f 448/448/448 473/473/473 449/449/449
f 449/449/449 473/473/473 474/474/474
f 449/449/449 474/474/474 450/450/450
f 450/450/450 474/474/474 475/475/475
f 451/451/451 476/476/476 452/452/452
f 452/452/452 476/476/476 477/477/477
f 452/452/452 477/477/477 453/453/453
f 453/453/453 477/477/477 478/478/478
f 453/453/453 478/478/478 454/454/454
f 454/454/454 478/478/478 479/479/479
f 454/454/454 479/479/479 455/455/455
f 455/455/455 479/479/479 480/480/480
f 455/455/455 480/480/480 456/456/456
f 456/456/456 480/480/480 481/481/481
f 456/456/456 481/481/481 457/457/457
f 457/457/457 481/481/481 482/482/482
f 457/457/457 482/482/482 458/458/458
f 458/458/458 482/482/482 483/483/483
f 458/458/458 483/483/483 459/459/459
f 459/459/459 483/483/483 484/484/484
f 459/459/459 484/484/484 460/460/460
f 460/460/460 484/484/484 485/485/485
f 460/460/460 485/485/485 461/461/461
f 461/461/461 485/485/485 486/486/486
f 461/461/461 486/486/486 462/462/462
f 462/462/462 486/486/486 487/487/487
f 462/462/462 487/487/487 463/463/463
f 463/463/463 487/487/487 488/488/488
f 463/463/463 488/488/488 464/464/464
f 464/464/464 488/488/488 489/489/489
f 464/464/464 489/489/489 465/465/465
f 465/465/465 489/489/489 490/490/490
f 465/465/465 490/490/490 466/466/466
f 466/466/466 490/490/490 491/491/491
f 466/466/466 491/491/491 467/467/467
f 467/467/467 491/491/491 492/492/492
f 467/467/467 492/492/492 468/468/468
f 468/468/468 492/492/492 493/493/493
f 468/468/468 493/493/493 469/469/469
f 469/469/469 493/493/493 494/494/494
f 469/469/469 494/494/494 470/470/470
f 470/470/470 494/494/494 495/495/495
f 470/470/470 495/495/495 471/471/471
f 471/471/471 495/495/495 496/496/496
f 471/471/471 496/496/496 472/472/472
f 472/472/472 496/496/496 497/497/497
f 472/472/472 497/497/497 473/473/473
f 473/473/473 497/497/497 498/498/498
f 473/473/473 498/498/498 474/474/474
f 474/474/474 498/498/498 499/499/499
f 474/474/474 499/499/499 475/475/475
f 475/475/475 499/499/499 500/500/500
f 476/476/476 501/501/501 477/477/477
f 477/477/477 501/501/501 502/502/502
f 477/477/477 502/502/502 478/478/478
f 478/478/478 502/502/502 503/503/503
f 478/478/478 503/503/503 479/479/479
f 479/479/479 503/503/503 504/504/504
f 479/479/479 504/504/504 480/480/480
f 480/480/480 504/504/504 505/505/505
f 480/480/480 505/505/505 481/481/481
f 481/481/481 505/505/505 506/506/506
f 481/481/481 506/506/506 482/482/482
f 482/482/482 506/506/506 507/507/507
f 482/482/482 507/507/507 483/483/483
f 483/483/483 507/507/507 508/508/508
f 483/483/483 508/508/508 484/484/484
f 484/484/484 508/508/508 509/509/509
f 484/484/484 509/509/509 485/485/485
f 485/485/485 509/509/509 510/510/510
f 485/485/485 510/510/510 486/486/486
f 486/486/486 510/510/510 511/511/511
f 486/486/486 511/511/511 487/487/487
f 487/487/487 511/511/511 512/512/512
f 487/487/487 512/512/512 488/488/488
f 488/488/488 512/512/512 513/513/513
f 488/488/488 513/513/513 489/489/489
f 489/489/489 513/513/513 514/514/514
f 489/489/489 514/514/514 490/490/490
f 490/490/490 514/514/514 515/515/515
f 490/490/490 515/515/515 491/491/491
f 491/491/491 515/515/515 516/516/516
f 491/491/491 516/516/516 492/492/492
f 492/492/492 516/516/516 517/517/517
f 492/492/492 517/517/517 493/493/493
f 493/493/493 517/517/517 518/518/518
f 493/493/493 518/518/518 494/494/494
f 494/494/494 518/518/518 519/519/519
f 494/494/494 519/519/519 495/495/495
f 495/495/495 519/519/519 520/520/520
f 495/495/495 520/520/520 496/496/496
f 496/496/496 520/520/520 521/521/521
f 496/496/496 521/521/521 497/497/497
f 497/497/497 521/521/521 522/522/522
f 497/497/497 522/522/522 498/498/498
f 498/498/498 522/522/522 523/523/523
f 498/498/498 523/523/523 499/499/499
f 499/499/499 523/523/523 524/524/524
f 499/499/499 524/524/524 500/500/500
f 500/500/500 524/524/524 525/525/525
f 526/526/526 527/527/527 528/528/528
f 527/527/527 529/529/529 528/528/528
f 528/528/528 529/529/529 530/530/530
f 529/529/529 531/531/531 530/530/530
f 530/530/530 531/531/531 532/532/532
f 531/531/531 533/533/533 532/532/532
f 532/532/532 533/533/533 534/534/534
f 533/533/533 535/535/535 534/534/534
f 536/536/536 537/537/537 538/538/538
f 537/537/537 539/539/539 538/538/538
f 538/538/538 539/539/539 540/540/540
f 539/539/539 541/541/541 540/540/540
f 540/540/540 541/541/541 542/542/542
f 541/541/541 543/543/543 542/542/542
f 542/542/542 543/543/543 544/544/544
f 543/543/543 545/545/545 544/544/544
f 546/546/546 547/547/547 548/548/548
f 547/547/547 549/549/549 548/548/548
f 548/548/548 549/549/549 550/550/550
f 549/549/549 551/551/551 550/550/550
f 550/550/550 551/551/551 552/552/552
f 551/551/551 553/553/553 552/552/552
f 552/552/552 553/553/553 554/554/554
f 553/553/553 555/555/555 554/554/554
f 556/556/556 557/557/557 558/558/558
f 557/557/557 559/559/559 558/558/558
f 558/558/558 559/559/559 560/560/560
f 559/559/559 561/561/561 560/560/560
f 560/560/560 561/561/561 562/562/562
f 561/561/561 563/563/563 562/562/562
f 562/562/562 563/563/563 564/564/564
f 563/563/563 565/565/565 564/564/564
f 566/566/566 567/567/567 568/568/568
f 567/567/567 569/569/569 568/568/568
f 568/568/568 569/569/569 570/570/570
f 569/569/569 571/571/571 570/570/570
f 570/570/570 571/571/571 572/572/572
f 571/571/571 573/573/573 572/572/572
f 572/572/572 573/573/573 574/574/574
f 573/573/573 575/575/575 574/574/574
f 576/576/576 577/577/577 578/578/578
f 577/577/577 579/579/579 578/578/578
f 578/578/578 579/579/579 580/580/580
f 579/579/579 581/581/581 580/580/580
f 580/580/580 581/581/581 582/582/582
f 581/581/581 583/583/583 582/582/582
f 582/582/582 583/583/583 584/584/584
f 583/583/583 585/585/585 584/584/584
f 586/586/586 587/587/587 588/588/588
f 587/587/587 589/589/589 588/588/588
f 588/588/588 589/589/589 590/590/590
f 589/589/589 591/591/591 590/590/590
f 590/590/590 591/591/591 592/592/592
f 591/591/591 593/593/593 592/592/592
f 592/592/592 593/593/593 594/594/594
f 593/593/593 595/595/595 594/594/594
f 596/596/596 597/597/597 598/598/598
f 597/597/597 599/599/599 598/598/598
f 598/598/598 599/599/599 600/600/600
f 599/599/599 601/601/601 600/600/600
f 600/600/600 601/601/601 602/602/602
f 601/601/601 603/603/603 602/602/602
f 602/602/602 603/603/603 604/604/604
f 603/603/603 605/605/605 604/604/604
f 606/606/606 607/607/607 608/608/608
f 607/607/607 609/609/609 608/608/608
f 608/608/608 609/609/609 610/610/610
f 609/609/609 611/611/611 610/610/610
f 610/610/610 611/611/611 612/612/612
f 611/611/611 613/613/613 612/612/612
f 612/612/612 613/613/613 614/614/614
f 613/613/613 615/615/615 614/614/614
f 616/616/616 617/617/617 618/618/618
f 617/617/617 619/619/619 618/618/618
f 618/618/618 619/619/619 620/620/620
f 619/619/619 621/621/621 620/620/620
f 620/620/620 621/621/621 622/622/622
f 621/621/621 623/623/623 622/622/622
f 622/622/622 623/623/623 624/624/624
f 623/623/623 625/625/625 624/624/624
f 626/626/626 627/627/627 628/628/628
f 627/627/627 629/629/629 628/628/628
f 628/628/628 629/629/629 630/630/630
f 629/629/629 631/631/631 630/630/630
f 630/630/630 631/631/631 632/632/632
f 631/631/631 633/633/633 632/632/632
f 632/632/632 633/633/633 634/634/634
f 633/633/633 635/635/635 634/634/634
f 636/636/636 637/637/637 638/638/638
f 637/637/637 639/639/639 638/638/638
f 638/638/638 639/639/639 640/640/640
f 639/639/639 641/641/641 640/640/640
f 640/640/640 641/641/641 642/642/642
f 641/641/641 643/643/643 642/642/642
f 642/642/642 643/643/643 644/644/644
f 643/643/643 645/645/645 644/644/644
f 646/646/646 647/647/647 648/648/648
f 647/647/647 649/649/649 648/648/648
f 648/648/648 649/649/649 650/650/650
f 649/649/649 651/651/651 650/650/650
f 650/650/650 651/651/651 652/652/652
f 651/651/651 653/653/653 652/652/652
f 652/652/652 653/653/653 654/654/654
f 653/653/653 655/655/655 654/654/654
f 656/656/656 657/657/657 658/658/658
f 657/657/657 659/659/659 658/658/658
f 658/658/658 659/659/659 660/660/660
f 659/659/659 661/661/661 660/660/660
f 660/660/660 661/661/661 662/662/662
f 661/661/661 663/663/663 662/662/662
f 662/662/662 663/663/663 664/664/664
f 663/663/663 665/665/665 664/664/664
